"Council.x","Population","Council_seat","total_count","registered_percent","desexed_percent","chipped_percent","reg_desex_chip_percent","reg_chip_percent","num_dogs","rank","num_dogs_cbrt"
"ADELAIDE HILLS COUNCIL","41,448","Woodside",9833,86.5351367842978,80.7179904403539,97.5185599511848,70.599003356046,85.1622088884369,10833,1,22.1266796260704
"ADELAIDE PLAINS COUNCIL","10,461","Mallala",5698,91.9094419094419,45.6300456300456,96.9111969111969,42.5587925587926,89.7683397683398,6698,2,18.8501602990212
"ALEXANDRINA COUNCIL","29,780","Goolwa",8345,95.1348112642301,73.6968244457759,98.6938286399041,70.1378070701019,94.1402037147993,9345,3,21.0633010610869
"BARUNGA WEST COUNCIL","2,676","Port Broughton",675,97.6296296296296,66.5185185185185,98.6666666666667,65.7777777777778,96.5925925925926,1675,4,11.8760386903079
"CAMPBELLTOWN CITY COUNCIL","56,013","Rostrevor",5807,98.5018081625624,76.9416221801274,96.1598071293267,74.6340623385569,94.8854830377131,6807,5,18.9518633747569
"CITY OF ADELAIDE","26,120","Adelaide",1265,95.7312252964427,83.7944664031621,98.3399209486166,81.2648221343873,94.7826086956522,2265,6,13.1327618488104
"CITY OF BURNSIDE","46,692","Tusmore",5559,99.2264795826588,84.9073574383882,99.4243568987228,84.4936139593452,98.7048030221263,6559,7,18.7188519884299
"CITY OF CHARLES STURT","124,906","Woodville",16545,99.4137201571472,78.7669990933817,98.9604110003022,78.410395889997,98.4708371109096,17545,8,25.9847050081408
"CITY OF HOLDFAST BAY","38,061","Brighton",5622,93.8278192813945,85.5211668445393,97.9900391319815,80.184987548915,92.4226254002134,6622,9,18.7785934104386
"CITY OF MARION","96,658","Sturt",14501,93.8900765464451,82.1598510447555,98.4483828701469,78.3256327149852,93.1728846286463,15501,10,24.9336909465391
"CITY OF MITCHAM","68,403","Torrens Park",10805,99.3614067561314,87.0615455807497,98.250809810273,86.11753817677,97.6770013882462,11805,11,22.7695962861103
"CITY OF MOUNT GAMBIER","27,771","Mount Gambier",5521,98.7864517297591,76.1637384531788,97.9351566745155,75.4030067016845,96.9027350117732,6521,12,18.6826323157019
"CITY OF ONKAPARINGA","178,546","Noarlunga Centre",36913,89.4156530219706,80.7628748679327,97.5211984937556,74.4534445859182,88.3726600384688,37913,13,33.5940772818304
"CITY OF PLAYFORD","103,420","Elizabeth",20400,83.843137254902,66.6813725490196,94.8039215686274,59.2352941176471,81.8823529411765,21400,14,27.7633109854556
"CITY OF PORT ADELAIDE ENFIELD","135,844","Port Adelaide",18291,88.3986660106063,77.0433546552949,96.8946476409163,69.8266907222131,86.917063036466,19291,15,26.8195557869447
"CITY OF PORT LINCOLN","14,947","Port Lincoln",2850,95.9298245614035,77.2982456140351,97.7894736842105,75.5087719298246,94.4561403508772,3850,16,15.6730520724067
"CITY OF PROSPECT","22,741","Prospect",2661,98.7598647125141,83.0139045471627,99.3987222848553,82.337467117625,98.271326568959,3661,17,15.4122688535293
"CITY OF SALISBURY","148,003","Salisbury",21059,97.9248777244883,69.9748326131345,93.2807825632746,68.4173037656109,91.8942020038938,22059,18,28.0454194813956
"CITY OF TEA TREE GULLY","102,666","Modbury",18346,88.8804098986155,78.3549547585305,96.2934699662052,70.4785784367165,86.672844216723,19346,19,26.8450197500428
"CITY OF UNLEY","39,085","Unley",4972,99.5776347546259,88.5760257441673,98.9742558326629,87.8117457763475,98.6122284794851,5972,20,18.1428955238051
"CITY OF VICTOR HARBOR","16,720","Victor Harbor",3752,90.5650319829424,76.545842217484,96.2420042643923,70.22921108742,87.8731343283582,4752,21,16.8122359839323
"CITY OF WEST TORRENS","63,105","Hilton",7222,94.7798393796732,84.1595126003877,97.8399335364165,80.6147881473276,93.2705621711437,8222,22,20.1833146534305
"CLARE AND GILBERT VALLEYS COUNCIL","9,393","Clare",2712,88.4955752212389,61.3938053097345,89.8598820058997,53.8716814159292,81.4896755162242,3712,23,15.4835065625112
"COORONG DISTRICT COUNCIL","5,569","Meningie",1974,90.2228976697062,46.9604863221885,97.4164133738602,43.3130699088146,87.7912867274569,2974,24,14.3807097670602
"COPPER COAST COUNCIL","15,652","Kadina",3523,96.5370422934999,77.6326994039171,99.4323020153278,75.7025262560318,96.2531933011638,4523,25,16.5377159875253
"DC OF ELLISTON","1,037","Elliston",332,99.3975903614458,53.6144578313253,97.8915662650602,53.0120481927711,97.289156626506,1332,26,11.0027541313119
"DC OF ROBE","1,583","Robe",479,97.7035490605428,61.3778705636743,88.3089770354906,56.1586638830898,86.0125260960334,1479,27,11.3934711769908
"KANGAROO ISLAND COUNCIL","5,084","Kingscote",1680,80.5952380952381,62.6785714285714,98.2142857142857,52.3809523809524,80,2680,28,13.8902991160651
"KINGSTON DC","2,389","Kingston SE",725,96.2758620689655,52.8275862068965,90.8965517241379,49.7931034482759,87.448275862069,1725,29,11.9930515328992
"LIGHT REGIONAL COUNCIL","16,332","Kapunda",4406,94.1897412619156,69.7911938266001,94.8479346345892,65.546981389015,89.9909214707217,5406,30,17.5506018413587
"LOWER EYRE COUNCIL","6,100","Cummins",1509,98.2770046388337,66.9317428760769,94.4333996023857,64.7448641484427,93.0417495029821,2509,31,13.5883550838613
"MID MURRAY COUNCIL","9,415","Mannum",3140,93.9808917197452,61.0509554140127,95.5095541401274,58.1847133757962,90.6369426751592,4140,32,16.0570877363124
"MOUNT BARKER DISTRICT COUNCIL","41,059","Mount Barker",9548,98.5127775450356,75.670297444491,95.9886887306242,73.1147884373691,94.7842480100545,10548,33,21.9309127469376
"NARACOORTE LUCINDALE COUNCIL","8,928","Naracoorte",2443,90.0941465411379,49.774866966844,85.01841997544,43.8395415472779,77.6504297994269,3443,34,15.1000716339452
"NORTHERN AREAS COUNCIL","4,671","Jamestown",1437,96.5205288796103,50.8698677800974,89.2832289491997,47.8775226165623,86.6388308977035,2437,35,13.4571112600068
"PORT AUGUSTA CITY COUNCIL","14,456","Port Augusta",3316,92.5814234016888,68.4861278648975,95.9589867310012,65.1387213510253,90.2593486127865,4316,36,16.2814774480305
"PORT PIRIE REGIONAL COUNCIL","17,648","Port Pirie",4317,71.7164697706741,61.524206624971,90.8732916377114,48.0194579569145,68.2881630762103,5317,37,17.4537554553539
"RENMARK PARINGA COUNCIL","10,044","Renmark",1923,94.1757670306812,63.2345293811752,92.9797191887675,61.1024440977639,88.9755590223609,2923,38,14.2980322328626
"SOUTHERN MALLEE DC","2,013","Pinnaroo",602,94.8504983388704,47.3421926910299,94.0199335548173,46.0132890365449,90.3654485049834,1602,39,11.7009422865896
"TATIARA DC","7,040","Bordertown",1733,98.0957876514714,51.5291402192729,99.2498557414887,50.8366993652625,97.4033467974611,2733,40,13.9812674633339
"THE BAROSSA COUNCIL","25,878","Angaston",5933,97.8594303050733,75.7626832968144,97.9774144614866,74.785100286533,96.005393561436,6933,41,19.0680844518172
"THE BERRI BARMERA COUNCIL","10,713","Berri",2361,95.6797966963151,66.6666666666667,96.4845404489623,64.2524354087251,93.0114358322745,3361,42,14.9792305144303
"THE CORPORATION OF THE CITY OF WHYALLA","21,894","Whyalla",5306,73.4451564266868,72.107048624199,93.5921598190727,57.614021862043,71.6547304937806,6306,43,18.4750088655524
"THE CORPORATION OF THE TOWN OF WALKERVILLE","8,179","Gilberton",949,97.8925184404636,84.2992623814542,98.2086406743941,82.8240252897787,96.3119072708114,1949,44,12.4911937975207
"THE DC OF CEDUNA","3,650","Ceduna",730,94.7945205479452,63.5616438356164,91.5068493150685,60,88.2191780821918,1730,45,12.0046278446547
"THE DC OF CLEVE","1,765","Cleve",431,81.9025522041763,48.491879350348,87.2389791183295,37.3549883990719,71.9257540603248,1431,46,11.2688572626632
"THE DC OF COOBER PEDY","1,576","Coober Pedy",317,33.1230283911672,57.7287066246057,64.0378548895899,18.9274447949527,27.7602523659306,1317,47,10.9612964882542
"THE DC OF FRANKLIN HARBOUR","1,323","Cowell",298,76.510067114094,58.0536912751678,84.5637583892617,44.2953020134228,66.1073825503356,1298,48,10.9083290713773
"THE DC OF GRANT","8,925","Mount Gambier",2998,98.1654436290861,59.7731821214143,99.1994663108739,59.20613742495,97.3982655103402,3998,49,15.8713644101948
"THE DC OF KAROONDA EAST MURRAY","1,028","Karoonda",414,97.1014492753623,35.024154589372,92.7536231884058,34.5410628019324,90.5797101449275,1414,50,11.2240554394239
"THE DC OF KIMBA","1,057","Kimba",307,99.6742671009772,53.4201954397394,90.8794788273616,50.4885993485342,90.5537459283388,1307,51,10.933482878515
"THE DC OF LOXTON WAIKERIE","11,928","Loxton",2614,97.6664116296863,61.1706197398623,95.4858454475899,59.831675592961,93.9173680183627,3614,52,15.3460302310654
"THE DC OF MOUNT REMARKABLE","2,915","Melrose",920,92.0652173913043,50.5434782608696,90.4347826086957,47.3913043478261,83.695652173913,1920,53,12.4289300238154
"THE DC OF ORROROO CARRIETON","890","Orroroo",251,95.6175298804781,41.0358565737052,86.0557768924303,38.2470119521912,82.4701195219124,1251,54,10.7750452640652
"THE DC OF PETERBOROUGH","1,670","Peterborough",580,85,56.551724137931,79.6551724137931,46.3793103448276,71.0344827586207,1580,55,11.6471328451175
"THE DC OF STREAKY BAY","2,254","Streaky Bay",698,97.7077363896848,54.1547277936963,94.4126074498567,52.0057306590258,92.9799426934097,1698,56,11.9301497564079
"THE DC OF TUMBY BAY","2,889","Tumby Bay",606,97.029702970297,65.1815181518152,93.0693069306931,63.2013201320132,90.5940594059406,1606,57,11.7106728044099
"THE DC OF YANKALILLA","5,998","Yankalilla",1859,94.8359332974718,67.8859601936525,98.1710597095212,65.7342657342657,93.7062937062937,2859,58,14.1929079178697
"THE FLINDERS RANGES COUNCIL","1,682","Quorn",519,98.6512524084778,64.1618497109827,98.6512524084778,63.3911368015414,97.3025048169557,1519,59,11.4952721586515
"THE REGIONAL COUNCIL OF GOYDER","4,134","Burra",1641,90.3107861060329,47.5929311395491,93.9670932358318,43.0834856794637,86.0450944546009,2641,60,13.8225912961045
"THE RURAL CITY OF MURRAY BRIDGE","22,554","Murray Bridge",5425,88.2396313364055,65.8986175115207,95.3179723502304,60.0552995391705,86.4700460829493,6425,61,18.5904988666378
"TOWN OF GAWLER","26,123","Gawler",6189,93.4238164485377,75.6180319922443,95.395055744062,71.7240264986266,90.0630150266602,7189,62,19.2999489917844
"WAKEFIELD REGIONAL COUNCIL","6,958","Balaklava",1920,96.5625,53.4375,95.15625,51.9791666666667,92.6041666666667,2920,63,14.29313899763
"WATTLE RANGE COUNCIL","12,163","Millicent",3518,96.6458214894827,56.9926094371802,96.2762933484935,55.3155201819215,93.6043206367254,4518,64,16.5316198073845
"WUDINNA DISTRICT COUNCIL","1,164","Wudinna",337,66.1721068249258,45.4005934718101,89.9109792284866,25.8160237388724,58.7537091988131,1337,65,11.0165041507816
"YORKE PENINSULA COUNCIL","11,922","Maitland",2928,93.818306010929,66.9398907103825,95.9357923497268,63.1147540983607,90.5396174863388,3928,66,15.7781892080476
