Aldgate,Adelaide Hills Council,,,,,,
Ashton,Adelaide Hills Council,,,,,,
Balhannah,Adelaide Hills Council,,,,,,
Basket Range,Adelaide Hills Council,,,,,,
Belair,Adelaide Hills Council,,,,,,
Birdwood,Adelaide Hills Council,,,,,,
Bradbury,Adelaide Hills Council,,,,,,
Bridgewater,Adelaide Hills Council,,,,,,
Carey Gully,Adelaide Hills Council,,,,,,
Castambul,Adelaide Hills Council,,,,,,
Chain Of Ponds,Adelaide Hills Council,,,,,,
Charleston,Adelaide Hills Council,,,,,,
Cherryville,Adelaide Hills Council,,,,,,
Cleland,Adelaide Hills Council,,,,,,
Crafers,Adelaide Hills Council,,,,,,
Crafers West,Adelaide Hills Council,,,,,,
Cromer,Adelaide Hills Council,,,,,,
Cudlee Creek,Adelaide Hills Council,,,,,,
Forest Range,Adelaide Hills Council,,,,,,
Forreston,Adelaide Hills Council,,,,,,
Greenhill,Adelaide Hills Council,,,,,,
Gumeracha,Adelaide Hills Council,,,,,,
Hahndorf,Adelaide Hills Council,,,,,,
Hay Valley,Adelaide Hills Council,,,,,,
Heathfield,Adelaide Hills Council,,,,,,
Horsnell Gully,Adelaide Hills Council,,,,,,
Houghton,Adelaide Hills Council,,,,,,
Humbug Scrub,Adelaide Hills Council,,,,,,
Inglewood,Adelaide Hills Council,,,,,,
Ironbank,Adelaide Hills Council,,,,,,
Kenton Valley,Adelaide Hills Council,,,,,,
Kersbrook,Adelaide Hills Council,,,,,,
Lenswood,Adelaide Hills Council,,,,,,
Lobethal,Adelaide Hills Council,,,,,,
Longwood,Adelaide Hills Council,,,,,,
Lower Hermitage,Adelaide Hills Council,,,,,,
Marble Hill,Adelaide Hills Council,,,,,,
Millbrook,Adelaide Hills Council,,,,,,
Montacute,Adelaide Hills Council,,,,,,
Mount Crawford,Adelaide Hills Council,,,,,,
Mount George,Adelaide Hills Council,,,,,,
Mount Torrens,Adelaide Hills Council,,,,,,
Mylor,Adelaide Hills Council,,,,,,
Norton Summit,Adelaide Hills Council,,,,,,
Oakbank,Adelaide Hills Council,,,,,,
Paracombe,Adelaide Hills Council,,,,,,
Piccadilly,Adelaide Hills Council,,,,,,
Rostrevor,Adelaide Hills Council,,,,,,
Scott Creek,Adelaide Hills Council,,,,,,
Stirling,Adelaide Hills Council,,,,,,
Summertown,Adelaide Hills Council,,,,,,
Teringie,Adelaide Hills Council,,,,,,
Upper Hermitage,Adelaide Hills Council,,,,,,
Upper Sturt,Adelaide Hills Council,,,,,,
Uraidla,Adelaide Hills Council,,,,,,
Verdun,Adelaide Hills Council,,,,,,
Waterfall Gully,Adelaide Hills Council,,,,,,
Woodforde,Adelaide Hills Council,,,,,,
Woodside,Adelaide Hills Council,,,,,,
Barabba,Adelaide Plains Council,,,,,,
Calomba,Adelaide Plains Council,,,,,,
Dublin,Adelaide Plains Council,,,,,,
Fischer,Adelaide Plains Council,,,,,,
Grace Plains,Adelaide Plains Council,,,,,,
Korunye,Adelaide Plains Council,,,,,,
Lewiston,Adelaide Plains Council,,,,,,
Long Plains,Adelaide Plains Council,,,,,,
Lower Light,Adelaide Plains Council,,,,,,
Mallala,Adelaide Plains Council,,,,,,
Middle Beach,Adelaide Plains Council,,,,,,
Parham,Adelaide Plains Council,,,,,,
Port Gawler,Adelaide Plains Council,,,,,,
Redbanks,Adelaide Plains Council,,,,,,
Reeves Plains,Adelaide Plains Council,,,,,,
Thompson Beach,Adelaide Plains Council,,,,,,
Two Wells,Adelaide Plains Council,,,,,,
Webb Beach,Adelaide Plains Council,,,,,,
Wild Horse Plains,Adelaide Plains Council,,,,,,
Windsor,Adelaide Plains Council,,,,,,
Angas Plains,Alexandrina Council,,,,,,
Ashbourne,Alexandrina Council,,,,,,
Belvidere,Alexandrina Council,,,,,,
Blackfellows Creek,Alexandrina Council,,,,,,
Bletchley,Alexandrina Council,,,,,,
Bull Creek,Alexandrina Council,,,,,,
Chiton,Alexandrina Council,,,,,,
Clayton Bay,Alexandrina Council,,,,,,
Currency Creek,Alexandrina Council,,,,,,
Dingabledinga,Alexandrina Council,,,,,,
Finniss,Alexandrina Council,,,,,,
Gemmells,Alexandrina Council,,,,,,
Goolwa,Alexandrina Council,,,,,,
Goolwa Beach,Alexandrina Council,,,,,,
Goolwa North,Alexandrina Council,,,,,,
Goolwa South,Alexandrina Council,,,,,,
Hartley,Alexandrina Council,,,,,,
Highland Valley,Alexandrina Council,,,,,,
Hindmarsh Island,Alexandrina Council,,,,,,
Hope Forest,Alexandrina Council,,,,,,
Kuitpo,Alexandrina Council,,,,,,
Kuitpo Colony,Alexandrina Council,,,,,,
Kyeema,Alexandrina Council,,,,,,
Lake Plains,Alexandrina Council,,,,,,
Langhorne Creek,Alexandrina Council,,,,,,
Macclesfield,Alexandrina Council,,,,,,
Mcharg Creek,Alexandrina Council,,,,,,
Middleton,Alexandrina Council,,,,,,
Milang,Alexandrina Council,,,,,,
Montarra,Alexandrina Council,,,,,,
Mosquito Hill,Alexandrina Council,,,,,,
Mount Compass,Alexandrina Council,,,,,,
Mount Jagged,Alexandrina Council,,,,,,
Mount Magnificent,Alexandrina Council,,,,,,
Mount Observation,Alexandrina Council,,,,,,
Mundoo Island,Alexandrina Council,,,,,,
Nangkita,Alexandrina Council,,,,,,
Nurragi,Alexandrina Council,,,,,,
Pages Flat,Alexandrina Council,,,,,,
Paris Creek,Alexandrina Council,,,,,,
Point Sturt,Alexandrina Council,,,,,,
Port Elliot,Alexandrina Council,,,,,,
Prospect Hill,Alexandrina Council,,,,,,
Red Creek,Alexandrina Council,,,,,,
Salem,Alexandrina Council,,,,,,
Sandergrove,Alexandrina Council,,,,,,
Strathalbyn,Alexandrina Council,,,,,,
The Range,Alexandrina Council,,,,,,
Tolderol,Alexandrina Council,,,,,,
Tooperang,Alexandrina Council,,,,,,
Willunga Hill,Alexandrina Council,,,,,,
Willyaroo,Alexandrina Council,,,,,,
Woodchester,Alexandrina Council,,,,,,
Yundi,Alexandrina Council,,,,,,
Alford,Barunga West Council,,,,,,
Bute,Barunga West Council,,,,,,
Clements Gap,Barunga West Council,,,,,,
Fisherman Bay,Barunga West Council,,,,,,
Kulpara,Barunga West Council,,,,,,
Melton,Barunga West Council,,,,,,
Mundoora,Barunga West Council,,,,,,
Ninnes,Barunga West Council,,,,,,
Paskeville,Barunga West Council,,,,,,
Port Broughton,Barunga West Council,,,,,,
South Hummocks,Barunga West Council,,,,,,
Thomas Plain,Barunga West Council,,,,,,
Tickera,Barunga West Council,,,,,,
Ward Hill,Barunga West Council,,,,,,
Willamulka,Barunga West Council,,,,,,
Wokurna,Barunga West Council,,,,,,
Barmera,Berri Barmera Council,,,,,,
Berri,Berri Barmera Council,,,,,,
Cobdogla,Berri Barmera Council,,,,,,
Glossop,Berri Barmera Council,,,,,,
Gurra Gurra,Berri Barmera Council,,,,,,
Loveday,Berri Barmera Council,,,,,,
Monash,Berri Barmera Council,,,,,,
Overland Corner,Berri Barmera Council,,,,,,
Winkie,Berri Barmera Council,,,,,,
Auldana,City Of Burnside,,,,,,
Beaumont,City Of Burnside,,,,,,
Beulah Park,City Of Burnside,,,,,,
Burnside,City Of Burnside,,,,,,
Dulwich,City Of Burnside,,,,,,
Eastwood,City Of Burnside,,,,,,
Erindale,City Of Burnside,,,,,,
Frewville,City Of Burnside,,,,,,
Glen Osmond,City Of Burnside,,,,,,
Glen Osmond,City Of Burnside,,,,,,
Glenside,City Of Burnside,,,,,,
Glenunga,City Of Burnside,,,,,,
Hazelwood Park,City Of Burnside,,,,,,
Kensington Gardens,City Of Burnside,,,,,,
Kensington Park,City Of Burnside,,,,,,
Leabrook,City Of Burnside,,,,,,
Leawood Gardens,City Of Burnside,,,,,,
Linden Park,City Of Burnside,,,,,,
Magill,City Of Burnside,,,,,,
Mount Osmond,City Of Burnside,,,,,,
Rose Park,City Of Burnside,,,,,,
Rosslyn Park,City Of Burnside,,,,,,
Skye,City Of Burnside,,,,,,
St Georges,City Of Burnside,,,,,,
Stonyfell,City Of Burnside,,,,,,
Toorak Gardens,City Of Burnside,,,,,,
Tusmore,City Of Burnside,,,,,,
Wattle Park,City Of Burnside,,,,,,
Athelstone,City Of Campbelltown,,,,,,
Campbelltown,City Of Campbelltown,,,,,,
Hectorville,City Of Campbelltown,,,,,,
Newton,City Of Campbelltown,,,,,,
Paradise,City Of Campbelltown,,,,,,
Tranmere,City Of Campbelltown,,,,,,
Albert Park,City Of Charles Sturt,,,,,,
Allenby Gardens,City Of Charles Sturt,,,,,,
Athol Park,City Of Charles Sturt,,,,,,
Beverley,City Of Charles Sturt,,,,,,
Bowden,City Of Charles Sturt,,,,,,
Brompton,City Of Charles Sturt,,,,,,
Cheltenham,City Of Charles Sturt,,,,,,
Croydon,City Of Charles Sturt,,,,,,
Devon Park,City Of Charles Sturt,,,,,,
Findon,City Of Charles Sturt,,,,,,
Flinders Park,City Of Charles Sturt,,,,,,
Fulham Gardens,City Of Charles Sturt,,,,,,
Grange,City Of Charles Sturt,,,,,,
Hendon,City Of Charles Sturt,,,,,,
Henley Beach,City Of Charles Sturt,,,,,,
Henley Beach South,City Of Charles Sturt,,,,,,
Hindmarsh,City Of Charles Sturt,,,,,,
Kidman Park,City Of Charles Sturt,,,,,,
Kilkenny,City Of Charles Sturt,,,,,,
Ovingham,City Of Charles Sturt,,,,,,
Pennington,City Of Charles Sturt,,,,,,
Renown Park,City Of Charles Sturt,,,,,,
Ridleyton,City Of Charles Sturt,,,,,,
Rosewater,City Of Charles Sturt,,,,,,
Royal Park,City Of Charles Sturt,,,,,,
Seaton,City Of Charles Sturt,,,,,,
Semaphore Park,City Of Charles Sturt,,,,,,
St Clair,City Of Charles Sturt,,,,,,
Tennyson,City Of Charles Sturt,,,,,,
Welland,City Of Charles Sturt,,,,,,
West Beach,City Of Charles Sturt,,,,,,
West Croydon,City Of Charles Sturt,,,,,,
West Hindmarsh,City Of Charles Sturt,,,,,,
West Lakes,City Of Charles Sturt,,,,,,
West Lakes Shore,City Of Charles Sturt,,,,,,
Woodville,City Of Charles Sturt,,,,,,
Woodville North,City Of Charles Sturt,,,,,,
Woodville Park,City Of Charles Sturt,,,,,,
Woodville South,City Of Charles Sturt,,,,,,
Woodville West,City Of Charles Sturt,,,,,,
Brighton,City Of Holdfast Bay,,,,,,
Glenelg,City Of Holdfast Bay,,,,,,
Glenelg East,City Of Holdfast Bay,,,,,,
Glenelg North,City Of Holdfast Bay,,,,,,
Glenelg South,City Of Holdfast Bay,,,,,,
Hove,City Of Holdfast Bay,,,,,,
Kingston Park,City Of Holdfast Bay,,,,,,
North Brighton,City Of Holdfast Bay,,,,,,
Seacliff,City Of Holdfast Bay,,,,,,
Seacliff Park,City Of Holdfast Bay,,,,,,
Somerton Park,City Of Holdfast Bay,,,,,,
Somerton Park,City Of Holdfast Bay,,,,,,
South Brighton,City Of Holdfast Bay,,,,,,
Ascot Park,City Of Marion,,,,,,
Bedford Park,City Of Marion,,,,,,
Clovelly Park,City Of Marion,,,,,,
Darlington,City Of Marion,,,,,,
Dover Gardens,City Of Marion,,,,,,
Edwardstown,City Of Marion,,,,,,
Glandore,City Of Marion,,,,,,
Glengowrie,City Of Marion,,,,,,
Hallett Cove,City Of Marion,,,,,,
Marino,City Of Marion,,,,,,
Marion,City Of Marion,,,,,,
Mitchell Park,City Of Marion,,,,,,
Morphettville,City Of Marion,,,,,,
Oaklands Park,City Of Marion,,,,,,
O'halloran Hill,City Of Marion,,,,,,
Park Holme,City Of Marion,,,,,,
Plympton Park,City Of Marion,,,,,,
Seacombe Gardens,City Of Marion,,,,,,
Seacombe Heights,City Of Marion,,,,,,
Seaview Downs,City Of Marion,,,,,,
Sheidow Park,City Of Marion,,,,,,
South Plympton,City Of Marion,,,,,,
Sturt,City Of Marion,,,,,,
Tonsley,City Of Marion,,,,,,
Trott Park,City Of Marion,,,,,,
Warradale,City Of Marion,,,,,,
Bellevue Heights,City Of Mitcham,,,,,,
Blackwood,City Of Mitcham,,,,,,
Brown Hill Creek,City Of Mitcham,,,,,,
Clapham,City Of Mitcham,,,,,,
Clarence Gardens,City Of Mitcham,,,,,,
Colonel Light Gardens,City Of Mitcham,,,,,,
Coromandel Valley,City Of Mitcham,,,,,,
Craigburn Farm,City Of Mitcham,,,,,,
Cumberland Park,City Of Mitcham,,,,,,
Daw Park,City Of Mitcham,,,,,,
Eden Hills,City Of Mitcham,,,,,,
Glenalta,City Of Mitcham,,,,,,
Hawthorn,City Of Mitcham,,,,,,
Hawthorndene,City Of Mitcham,,,,,,
Kingswood,City Of Mitcham,,,,,,
Lower Mitcham,City Of Mitcham,,,,,,
Lynton,City Of Mitcham,,,,,,
Melrose Park,City Of Mitcham,,,,,,
Mitcham,City Of Mitcham,,,,,,
Netherby,City Of Mitcham,,,,,,
Panorama,City Of Mitcham,,,,,,
Pasadena,City Of Mitcham,,,,,,
Springfield,City Of Mitcham,,,,,,
St Marys,City Of Mitcham,,,,,,
Torrens Park,City Of Mitcham,,,,,,
Urrbrae,City Of Mitcham,,,,,,
Westbourne Park,City Of Mitcham,,,,,,
Glenburnie,City Of Mount Gambier,,,,,,
Mount Gambier,City Of Mount Gambier,,,,,,
Ob Flat,City Of Mount Gambier,,,,,,
Suttontown,City Of Mount Gambier,,,,,,
Worrolong,City Of Mount Gambier,,,,,,
College Park,City Of Norwood Payneham & St Peters,,,,,,
Evandale,City Of Norwood Payneham & St Peters,,,,,,
Felixstow,City Of Norwood Payneham & St Peters,,,,,,
Firle,City Of Norwood Payneham & St Peters,,,,,,
Glynde,City Of Norwood Payneham & St Peters,,,,,,
Hackney,City Of Norwood Payneham & St Peters,,,,,,
Heathpool,City Of Norwood Payneham & St Peters,,,,,,
Joslin,City Of Norwood Payneham & St Peters,,,,,,
Kensington,City Of Norwood Payneham & St Peters,,,,,,
Kent Town,City Of Norwood Payneham & St Peters,,,,,,
Marden,City Of Norwood Payneham & St Peters,,,,,,
Marryatville,City Of Norwood Payneham & St Peters,,,,,,
Maylands,City Of Norwood Payneham & St Peters,,,,,,
Norwood,City Of Norwood Payneham & St Peters,,,,,,
Payneham,City Of Norwood Payneham & St Peters,,,,,,
Payneham South,City Of Norwood Payneham & St Peters,,,,,,
Royston Park,City Of Norwood Payneham & St Peters,,,,,,
St Morris,City Of Norwood Payneham & St Peters,,,,,,
St Peters,City Of Norwood Payneham & St Peters,,,,,,
Stepney,City Of Norwood Payneham & St Peters,,,,,,
Trinity Gardens,City Of Norwood Payneham & St Peters,,,,,,
Aberfoyle Park,City Of Onkaparinga,,,,,,
Aldinga,City Of Onkaparinga,,,,,,
Aldinga Beach,City Of Onkaparinga,,,,,,
Blewitt Springs,City Of Onkaparinga,,,,,,
Chandlers Hill,City Of Onkaparinga,,,,,,
Cherry Gardens,City Of Onkaparinga,,,,,,
Christie Downs,City Of Onkaparinga,,,,,,
Christies Beach,City Of Onkaparinga,,,,,,
Clarendon,City Of Onkaparinga,,,,,,
Coromandel East,City Of Onkaparinga,,,,,,
Dorset Vale,City Of Onkaparinga,,,,,,
Flagstaff Hill,City Of Onkaparinga,,,,,,
Hackham,City Of Onkaparinga,,,,,,
Hackham West,City Of Onkaparinga,,,,,,
Happy Valley,City Of Onkaparinga,,,,,,
Huntfield Heights,City Of Onkaparinga,,,,,,
Kangarilla,City Of Onkaparinga,,,,,,
Lonsdale,City Of Onkaparinga,,,,,,
Maslin Beach,City Of Onkaparinga,,,,,,
Mclaren Flat,City Of Onkaparinga,,,,,,
Mclaren Vale,City Of Onkaparinga,,,,,,
Moana,City Of Onkaparinga,,,,,,
Morphett Vale,City Of Onkaparinga,,,,,,
Noarlunga Centre,City Of Onkaparinga,,,,,,
Noarlunga Downs,City Of Onkaparinga,,,,,,
Old Noarlunga,City Of Onkaparinga,,,,,,
Old Reynella,City Of Onkaparinga,,,,,,
Onkaparinga Hills,City Of Onkaparinga,,,,,,
O'sullivan Beach,City Of Onkaparinga,,,,,,
Port Noarlunga,City Of Onkaparinga,,,,,,
Port Noarlunga South,City Of Onkaparinga,,,,,,
Port Willunga,City Of Onkaparinga,,,,,,
Reynella,City Of Onkaparinga,,,,,,
Reynella East,City Of Onkaparinga,,,,,,
Seaford,City Of Onkaparinga,,,,,,
Seaford Heights,City Of Onkaparinga,,,,,,
Seaford Meadows,City Of Onkaparinga,,,,,,
Seaford Rise,City Of Onkaparinga,,,,,,
Sellicks Beach,City Of Onkaparinga,,,,,,
Sellicks Hill,City Of Onkaparinga,,,,,,
Tatachilla,City Of Onkaparinga,,,,,,
Whites Valley,City Of Onkaparinga,,,,,,
Willunga,City Of Onkaparinga,,,,,,
Willunga South,City Of Onkaparinga,,,,,,
Woodcroft,City Of Onkaparinga,,,,,,
Andrews Farm,City Of Playford,,,,,,
Angle Vale,City Of Playford,,,,,,
Bibaringa,City Of Playford,,,,,,
Blakeview,City Of Playford,,,,,,
Buckland Park,City Of Playford,,,,,,
Craigmore,City Of Playford,,,,,,
Davoren Park,City Of Playford,,,,,,
Edinburgh North,City Of Playford,,,,,,
Elizabeth,City Of Playford,,,,,,
Elizabeth Downs,City Of Playford,,,,,,
Elizabeth East,City Of Playford,,,,,,
Elizabeth Grove,City Of Playford,,,,,,
Elizabeth North,City Of Playford,,,,,,
Elizabeth Park,City Of Playford,,,,,,
Elizabeth South,City Of Playford,,,,,,
Elizabeth Vale,City Of Playford,,,,,,
Evanston Park,City Of Playford,,,,,,
Eyre,City Of Playford,,,,,,
Gould Creek,City Of Playford,,,,,,
Hillbank,City Of Playford,,,,,,
Hillier,City Of Playford,,,,,,
Macdonald Park,City Of Playford,,,,,,
Munno Para,City Of Playford,,,,,,
Munno Para Downs,City Of Playford,,,,,,
Munno Para West,City Of Playford,,,,,,
One Tree Hill,City Of Playford,,,,,,
Penfield,City Of Playford,,,,,,
Penfield Gardens,City Of Playford,,,,,,
Sampson Flat,City Of Playford,,,,,,
Smithfield,City Of Playford,,,,,,
Smithfield Plains,City Of Playford,,,,,,
Uleybury,City Of Playford,,,,,,
Virginia,City Of Playford,,,,,,
Waterloo Corner,City Of Playford,,,,,,
Yattalunga,City Of Playford,,,,,,
Alberton,City Of Port Adelaide Enfield,,,,,,
Angle Park,City Of Port Adelaide Enfield,,,,,,
Birkenhead,City Of Port Adelaide Enfield,,,,,,
Blair Athol,City Of Port Adelaide Enfield,,,,,,
Broadview,City Of Port Adelaide Enfield,,,,,,
Clearview,City Of Port Adelaide Enfield,,,,,,
Croydon Park,City Of Port Adelaide Enfield,,,,,,
Dry Creek,City Of Port Adelaide Enfield,,,,,,
Dudley Park,City Of Port Adelaide Enfield,,,,,,
Enfield,City Of Port Adelaide Enfield,,,,,,
Ethelton,City Of Port Adelaide Enfield,,,,,,
Exeter,City Of Port Adelaide Enfield,,,,,,
Ferryden Park,City Of Port Adelaide Enfield,,,,,,
Gepps Cross,City Of Port Adelaide Enfield,,,,,,
Gilles Plains,City Of Port Adelaide Enfield,,,,,,
Gillman,City Of Port Adelaide Enfield,,,,,,
Glanville,City Of Port Adelaide Enfield,,,,,,
Greenacres,City Of Port Adelaide Enfield,,,,,,
Hampstead Gardens,City Of Port Adelaide Enfield,,,,,,
Hillcrest,City Of Port Adelaide Enfield,,,,,,
Holden Hill,City Of Port Adelaide Enfield,,,,,,
Kilburn,City Of Port Adelaide Enfield,,,,,,
Klemzig,City Of Port Adelaide Enfield,,,,,,
Largs Bay,City Of Port Adelaide Enfield,,,,,,
Largs North,City Of Port Adelaide Enfield,,,,,,
Lightsview,City Of Port Adelaide Enfield,,,,,,
Manningham,City Of Port Adelaide Enfield,,,,,,
Mansfield Park,City Of Port Adelaide Enfield,,,,,,
New Port,City Of Port Adelaide Enfield,,,,,,
North Haven,City Of Port Adelaide Enfield,,,,,,
Northfield,City Of Port Adelaide Enfield,,,,,,
Northgate,City Of Port Adelaide Enfield,,,,,,
Oakden,City Of Port Adelaide Enfield,,,,,,
Osborne,City Of Port Adelaide Enfield,,,,,,
Ottoway,City Of Port Adelaide Enfield,,,,,,
Outer Harbor,City Of Port Adelaide Enfield,,,,,,
Peterhead,City Of Port Adelaide Enfield,,,,,,
Port Adelaide,City Of Port Adelaide Enfield,,,,,,
Queenstown,City Of Port Adelaide Enfield,,,,,,
Regency Park,City Of Port Adelaide Enfield,,,,,,
Sefton Park,City Of Port Adelaide Enfield,,,,,,
Semaphore,City Of Port Adelaide Enfield,,,,,,
Semaphore South,City Of Port Adelaide Enfield,,,,,,
Taperoo,City Of Port Adelaide Enfield,,,,,,
Valley View,City Of Port Adelaide Enfield,,,,,,
Walkley Heights,City Of Port Adelaide Enfield,,,,,,
Windsor Gardens,City Of Port Adelaide Enfield,,,,,,
Wingfield,City Of Port Adelaide Enfield,,,,,,
Woodville Gardens,City Of Port Adelaide Enfield,,,,,,
Dernancourt,City Of Port Adelaide Enfield & City of Tea Tree Gully,,,,,,
Blanche Harbor,City Of Port Augusta,,,,,,
Commissariat Point,City Of Port Augusta,,,,,,
Davenport,City Of Port Augusta,,,,,,
Miranda,City Of Port Augusta,,,,,,
Port Augusta,City Of Port Augusta,,,,,,
Port Augusta West,City Of Port Augusta,,,,,,
Port Paterson,City Of Port Augusta,,,,,,
Stirling North,City Of Port Augusta,,,,,,
Wami Kata,City Of Port Augusta,,,,,,
Winninowie,City Of Port Augusta,,,,,,
Port Lincoln,City Of Port Lincoln,,,,,,
Collinswood,City Of Prospect,,,,,,
Fitzroy,City Of Prospect,,,,,,
Medindie Gardens,City Of Prospect,,,,,,
Nailsworth,City Of Prospect,,,,,,
Thorngate,City Of Prospect,,,,,,
Prospect,City of Prospect & City Of Port Adelaide Enfield,,,,,,
Bolivar,City Of Salisbury,,,,,,
Brahma Lodge,City Of Salisbury,,,,,,
Burton,City Of Salisbury,,,,,,
Cavan,City Of Salisbury,,,,,,
Direk,City Of Salisbury,,,,,,
Edinburgh,City Of Salisbury,,,,,,
Globe Derby Park,City Of Salisbury,,,,,,
Green Fields,City Of Salisbury,,,,,,
Greenwith,City Of Salisbury,,,,,,
Gulfview Heights,City Of Salisbury,,,,,,
Ingle Farm,City Of Salisbury,,,,,,
Mawson Lakes,City Of Salisbury,,,,,,
Para Hills,City Of Salisbury,,,,,,
Para Hills West,City Of Salisbury,,,,,,
Para Vista,City Of Salisbury,,,,,,
Parafield,City Of Salisbury,,,,,,
Parafield Gardens,City Of Salisbury,,,,,,
Paralowie,City Of Salisbury,,,,,,
Pooraka,City Of Salisbury,,,,,,
Salisbury,City Of Salisbury,,,,,,
Salisbury Downs,City Of Salisbury,,,,,,
Salisbury East,City Of Salisbury,,,,,,
Salisbury Heights,City Of Salisbury,,,,,,
Salisbury North,City Of Salisbury,,,,,,
Salisbury Park,City Of Salisbury,,,,,,
Salisbury Plain,City Of Salisbury,,,,,,
Salisbury South,City Of Salisbury,,,,,,
St Kilda,City Of Salisbury,,,,,,
Banksia Park,City Of Tea Tree Gully,,,,,,
Fairview Park,City Of Tea Tree Gully,,,,,,
Golden Grove,City Of Tea Tree Gully,,,,,,
Highbury,City Of Tea Tree Gully,,,,,,
Hope Valley,City Of Tea Tree Gully,,,,,,
Modbury,City Of Tea Tree Gully,,,,,,
Modbury Heights,City Of Tea Tree Gully,,,,,,
Modbury North,City Of Tea Tree Gully,,,,,,
Redwood Park,City Of Tea Tree Gully,,,,,,
Ridgehaven,City Of Tea Tree Gully,,,,,,
St Agnes,City Of Tea Tree Gully,,,,,,
Surrey Downs,City Of Tea Tree Gully,,,,,,
Tea Tree Gully,City Of Tea Tree Gully,,,,,,
Vista,City Of Tea Tree Gully,,,,,,
Wynn Vale,City Of Tea Tree Gully,,,,,,
Yatala Vale,City Of Tea Tree Gully,,,,,,
Back Valley,City Of Victor Harbor,,,,,,
Encounter Bay,City Of Victor Harbor,,,,,,
Hayborough,City Of Victor Harbor,,,,,,
Hindmarsh Tiers,City Of Victor Harbor,,,,,,
Hindmarsh Valley,City Of Victor Harbor,,,,,,
Inman Valley,City Of Victor Harbor,,,,,,
Lower Inman Valley,City Of Victor Harbor,,,,,,
Mccracken,City Of Victor Harbor,,,,,,
Victor Harbor,City Of Victor Harbor,,,,,,
Waitpinga,City Of Victor Harbor,,,,,,
Ashford,City Of West Torrens,,,,,,
Brooklyn Park,City Of West Torrens,,,,,,
Camden Park,City Of West Torrens,,,,,,
Cowandilla,City Of West Torrens,,,,,,
Fulham,City Of West Torrens,,,,,,
Hilton,City Of West Torrens,,,,,,
Keswick,City Of West Torrens,,,,,,
Kurralta Park,City Of West Torrens,,,,,,
Lockleys,City Of West Torrens,,,,,,
Marleston,City Of West Torrens,,,,,,
Mile End,City Of West Torrens,,,,,,
Mile End South,City Of West Torrens,,,,,,
Netley,City Of West Torrens,,,,,,
North Plympton,City Of West Torrens,,,,,,
Novar Gardens,City Of West Torrens,,,,,,
Plympton,City Of West Torrens,,,,,,
Richmond,City Of West Torrens,,,,,,
Thebarton,City Of West Torrens,,,,,,
Torrensville,City Of West Torrens,,,,,,
Underdale,City Of West Torrens,,,,,,
West Richmond,City Of West Torrens,,,,,,
Backy Point,City Of Whyalla,,,,,,
Cowleds Landing,City Of Whyalla,,,,,,
Douglas Point,City Of Whyalla,,,,,,
Douglas Point South,City Of Whyalla,,,,,,
False Bay,City Of Whyalla,,,,,,
Fitzgerald Bay,City Of Whyalla,,,,,,
Middleback Range,City Of Whyalla,,,,,,
Mullaquana,City Of Whyalla,,,,,,
Murninnie Beach,City Of Whyalla,,,,,,
Point Lowly,City Of Whyalla,,,,,,
Point Lowly North,City Of Whyalla,,,,,,
Whyalla,City Of Whyalla,,,,,,
Whyalla Jenkins,City Of Whyalla,,,,,,
Whyalla Norrie,City Of Whyalla,,,,,,
Whyalla Playford,City Of Whyalla,,,,,,
Whyalla Stuart,City Of Whyalla,,,,,,
Alma,Clare & Gilbert Valleys Council,,,,,,
Anama,Clare & Gilbert Valleys Council,,,,,,
Armagh,Clare & Gilbert Valleys Council,,,,,,
Auburn,Clare & Gilbert Valleys Council,,,,,,
Barinia,Clare & Gilbert Valleys Council,,,,,,
Benbournie,Clare & Gilbert Valleys Council,,,,,,
Black Springs,Clare & Gilbert Valleys Council,,,,,,
Boconnoc Park,Clare & Gilbert Valleys Council,,,,,,
Bungaree,Clare & Gilbert Valleys Council,,,,,,
Clare,Clare & Gilbert Valleys Council,,,,,,
Emu Flat,Clare & Gilbert Valleys Council,,,,,,
Farrell Flat,Clare & Gilbert Valleys Council,,,,,,
Giles Corner,Clare & Gilbert Valleys Council,,,,,,
Gillentown,Clare & Gilbert Valleys Council,,,,,,
Halbury,Clare & Gilbert Valleys Council,,,,,,
Hill River,Clare & Gilbert Valleys Council,,,,,,
Hilltown,Clare & Gilbert Valleys Council,,,,,,
Leasingham,Clare & Gilbert Valleys Council,,,,,,
Manoora,Clare & Gilbert Valleys Council,,,,,,
Marrabel,Clare & Gilbert Valleys Council,,,,,,
Mintaro,Clare & Gilbert Valleys Council,,,,,,
Penwortham,Clare & Gilbert Valleys Council,,,,,,
Polish Hill River,Clare & Gilbert Valleys Council,,,,,,
Rhynie,Clare & Gilbert Valleys Council,,,,,,
Riverton,Clare & Gilbert Valleys Council,,,,,,
Saddleworth,Clare & Gilbert Valleys Council,,,,,,
Salter Springs,Clare & Gilbert Valleys Council,,,,,,
Sevenhill,Clare & Gilbert Valleys Council,,,,,,
Spring Farm,Clare & Gilbert Valleys Council,,,,,,
Spring Gully,Clare & Gilbert Valleys Council,,,,,,
Stanley,Clare & Gilbert Valleys Council,,,,,,
Stanley Flat,Clare & Gilbert Valleys Council,,,,,,
Steelton,Clare & Gilbert Valleys Council,,,,,,
Stockport,Clare & Gilbert Valleys Council,,,,,,
Tarlee,Clare & Gilbert Valleys Council,,,,,,
Tarnma,Clare & Gilbert Valleys Council,,,,,,
Tothill Belt,Clare & Gilbert Valleys Council,,,,,,
Tothill Creek,Clare & Gilbert Valleys Council,,,,,,
Undalya,Clare & Gilbert Valleys Council,,,,,,
Waterloo,Clare & Gilbert Valleys Council,,,,,,
Watervale,Clare & Gilbert Valleys Council,,,,,,
Woolshed Flat,Clare & Gilbert Valleys Council,,,,,,
Ashville,Coorong District Council,,,,,,
Bunbury,Coorong District Council,,,,,,
Carcuma,Coorong District Council,,,,,,
Colebatch,Coorong District Council,,,,,,
Cooke Plains,Coorong District Council,,,,,,
Coomandook,Coorong District Council,,,,,,
Coombe,Coorong District Council,,,,,,
Coonalpyn,Coorong District Council,,,,,,
Coorong,Coorong District Council,,,,,,
Culburra,Coorong District Council,,,,,,
Deepwater,Coorong District Council,,,,,,
Elwomple,Coorong District Council,,,,,,
Field,Coorong District Council,,,,,,
Jabuk,Coorong District Council,,,,,,
Ki Ki,Coorong District Council,,,,,,
Malinong,Coorong District Council,,,,,,
Meningie,Coorong District Council,,,,,,
Meningie East,Coorong District Council,,,,,,
Meningie West,Coorong District Council,,,,,,
Moorlands,Coorong District Council,,,,,,
Narrung,Coorong District Council,,,,,,
Naturi,Coorong District Council,,,,,,
Netherton,Coorong District Council,,,,,,
Peake,Coorong District Council,,,,,,
Poltalloch,Coorong District Council,,,,,,
Raukkan,Coorong District Council,,,,,,
Salt Creek,Coorong District Council,,,,,,
Sherlock,Coorong District Council,,,,,,
Tailem Bend,Coorong District Council,,,,,,
Tintinara,Coorong District Council,,,,,,
Waltowa,Coorong District Council,,,,,,
Wellington East,Coorong District Council,,,,,,
Yumali,Coorong District Council,,,,,,
Boors Plain,Copper Coast Council,,,,,,
Cross Roads,Copper Coast Council,,,,,,
Cunliffe,Copper Coast Council,,,,,,
East Moonta,Copper Coast Council,,,,,,
Hamley,Copper Coast Council,,,,,,
Jericho,Copper Coast Council,,,,,,
Jerusalem,Copper Coast Council,,,,,,
Kadina,Copper Coast Council,,,,,,
Kooroona,Copper Coast Council,,,,,,
Matta Flat,Copper Coast Council,,,,,,
Moonta,Copper Coast Council,,,,,,
Moonta Bay,Copper Coast Council,,,,,,
Moonta Mines,Copper Coast Council,,,,,,
New Town,Copper Coast Council,,,,,,
North Beach,Copper Coast Council,,,,,,
North Moonta,Copper Coast Council,,,,,,
North Yelta,Copper Coast Council,,,,,,
Paramatta,Copper Coast Council,,,,,,
Port Hughes,Copper Coast Council,,,,,,
Thrington,Copper Coast Council,,,,,,
Wallaroo,Copper Coast Council,,,,,,
Wallaroo Mines,Copper Coast Council,,,,,,
Wallaroo Plain,Copper Coast Council,,,,,,
Warburto,Copper Coast Council,,,,,,
Yelta,Copper Coast Council,,,,,,
Adelaide,Corporation Of The City Of Adelaide,,,,,,
North Adelaide,Corporation Of The City Of Adelaide,,,,,,
Black Forest,Corporation Of The City Of Unley,,,,,,
Clarence Park,Corporation Of The City Of Unley,,,,,,
Everard Park,Corporation Of The City Of Unley,,,,,,
Forestville,Corporation Of The City Of Unley,,,,,,
Fullarton,Corporation Of The City Of Unley,,,,,,
Goodwood,Corporation Of The City Of Unley,,,,,,
Highgate,Corporation Of The City Of Unley,,,,,,
Hyde Park,Corporation Of The City Of Unley,,,,,,
Hyde Park,Corporation Of The City Of Unley,,,,,,
Kings Park,Corporation Of The City Of Unley,,,,,,
Malvern,Corporation Of The City Of Unley,,,,,,
Millswood,Corporation Of The City Of Unley,,,,,,
Myrtle Bank,Corporation Of The City Of Unley,,,,,,
Parkside,Corporation Of The City Of Unley,,,,,,
Unley,Corporation Of The City Of Unley,,,,,,
Unley Park,Corporation Of The City Of Unley,,,,,,
Wayville,Corporation Of The City Of Unley,,,,,,
Wayville,Corporation Of The City Of Unley,,,,,,
Gilberton,Corporation Of The Town Of Walkerville,,,,,,
Medindie,Corporation Of The Town Of Walkerville,,,,,,
Vale Park,Corporation Of The Town Of Walkerville,,,,,,
Walkerville,Corporation Of The Town Of Walkerville,,,,,,
Carawa,District Council Of Ceduna,,,,,,
Ceduna,District Council Of Ceduna,,,,,,
Ceduna Waters,District Council Of Ceduna,,,,,,
Charra,District Council Of Ceduna,,,,,,
Chinbingina,District Council Of Ceduna,,,,,,
Denial Bay,District Council Of Ceduna,,,,,,
Dinahline,District Council Of Ceduna,,,,,,
Kalanbi,District Council Of Ceduna,,,,,,
Koonibba,District Council Of Ceduna,,,,,,
Laura Bay,District Council Of Ceduna,,,,,,
Maltee,District Council Of Ceduna,,,,,,
Merghiny,District Council Of Ceduna,,,,,,
Mudamuckla,District Council Of Ceduna,,,,,,
Nadia,District Council Of Ceduna,,,,,,
Nunjikompita,District Council Of Ceduna,,,,,,
Pimbaacla,District Council Of Ceduna,,,,,,
Puntabie,District Council Of Ceduna,,,,,,
Smoky Bay,District Council Of Ceduna,,,,,,
Thevenard,District Council Of Ceduna,,,,,,
Tia Tuckia,District Council Of Ceduna,,,,,,
Uworra,District Council Of Ceduna,,,,,,
Wandana,District Council Of Ceduna,,,,,,
Ware Villa,District Council Of Ceduna,,,,,,
Watraba,District Council Of Ceduna,,,,,,
White Well Corner,District Council Of Ceduna,,,,,,
Yarilena Community,District Council Of Ceduna,,,,,,
Arno Bay,District Council Of Cleve,,,,,,
Boonerdo,District Council Of Cleve,,,,,,
Campoona,District Council Of Cleve,,,,,,
Cleve,District Council Of Cleve,,,,,,
Darke Peak,District Council Of Cleve,,,,,,
Kielpa,District Council Of Cleve,,,,,,
Mangalo,District Council Of Cleve,,,,,,
Murlong,District Council Of Cleve,,,,,,
Rudall,District Council Of Cleve,,,,,,
Verran,District Council Of Cleve,,,,,,
Waddikee,District Council Of Cleve,,,,,,
Wharminda,District Council Of Cleve,,,,,,
Coober Pedy,District Council Of Coober Pedy,,,,,,
Umoona,District Council Of Coober Pedy,,,,,,
Bramfield,District Council Of Elliston,,,,,,
Colton,District Council Of Elliston,,,,,,
Coolillie,District Council Of Elliston,,,,,,
Elliston,District Council Of Elliston,,,,,,
Kappawanta,District Council Of Elliston,,,,,,
Lock,District Council Of Elliston,,,,,,
Mount Damper,District Council Of Elliston,,,,,,
Mount Joy,District Council Of Elliston,,,,,,
Mount Wedge,District Council Of Elliston,,,,,,
Murdinga,District Council Of Elliston,,,,,,
Palkagee,District Council Of Elliston,,,,,,
Polda,District Council Of Elliston,,,,,,
Port Kenny,District Council Of Elliston,,,,,,
Sheringa,District Council Of Elliston,,,,,,
Talia,District Council Of Elliston,,,,,,
Tooligie,District Council Of Elliston,,,,,,
Ulyerra,District Council Of Elliston,,,,,,
Venus Bay,District Council Of Elliston,,,,,,
Cowell,District Council Of Franklin Harbour,,,,,,
Lucky Bay,District Council Of Franklin Harbour,,,,,,
Midgee,District Council Of Franklin Harbour,,,,,,
Miltalie,District Council Of Franklin Harbour,,,,,,
Minbrie,District Council Of Franklin Harbour,,,,,,
Mitchellville,District Council Of Franklin Harbour,,,,,,
Port Gibbon,District Council Of Franklin Harbour,,,,,,
Allendale East,District Council Of Grant,,,,,,
Blackfellows Caves,District Council Of Grant,,,,,,
Burrungule,District Council Of Grant,,,,,,
Cape Douglas,District Council Of Grant,,,,,,
Caroline,District Council Of Grant,,,,,,
Carpenter Rocks,District Council Of Grant,,,,,,
Caveton,District Council Of Grant,,,,,,
Compton,District Council Of Grant,,,,,,
Dismal Swamp,District Council Of Grant,,,,,,
Donovans,District Council Of Grant,,,,,,
Eight Mile Creek,District Council Of Grant,,,,,,
German Creek,District Council Of Grant,,,,,,
Kongorong,District Council Of Grant,,,,,,
Mil-Lel,District Council Of Grant,,,,,,
Mingbool,District Council Of Grant,,,,,,
Moorak,District Council Of Grant,,,,,,
Mount Schank,District Council Of Grant,,,,,,
Nene Valley,District Council Of Grant,,,,,,
Pelican Point,District Council Of Grant,,,,,,
Pleasant Park,District Council Of Grant,,,,,,
Port Macdonnell,District Council Of Grant,,,,,,
Racecourse Bay,District Council Of Grant,,,,,,
Square Mile,District Council Of Grant,,,,,,
Tantanoola,District Council Of Grant,,,,,,
Tarpeena,District Council Of Grant,,,,,,
Wandilo,District Council Of Grant,,,,,,
Wepar,District Council Of Grant,,,,,,
Wye,District Council Of Grant,,,,,,
Yahl,District Council Of Grant,,,,,,
Bakara,District Council Of Karoonda East Murray,,,,,,
Borrika,District Council Of Karoonda East Murray,,,,,,
Bowhill,District Council Of Karoonda East Murray,,,,,,
Copeville,District Council Of Karoonda East Murray,,,,,,
Galga,District Council Of Karoonda East Murray,,,,,,
Halidon,District Council Of Karoonda East Murray,,,,,,
Karoonda,District Council Of Karoonda East Murray,,,,,,
Mantung,District Council Of Karoonda East Murray,,,,,,
Marama,District Council Of Karoonda East Murray,,,,,,
Mercunda,District Council Of Karoonda East Murray,,,,,,
Mindarie,District Council Of Karoonda East Murray,,,,,,
Perponda,District Council Of Karoonda East Murray,,,,,,
Sandalwood,District Council Of Karoonda East Murray,,,,,,
Wanbi,District Council Of Karoonda East Murray,,,,,,
Wynarka,District Council Of Karoonda East Murray,,,,,,
Barna,District Council Of Kimba,,,,,,
Buckleboo,District Council Of Kimba,,,,,,
Caralue,District Council Of Kimba,,,,,,
Cootra,District Council Of Kimba,,,,,,
Cortlinye,District Council Of Kimba,,,,,,
Cunyarie,District Council Of Kimba,,,,,,
Kelly,District Council Of Kimba,,,,,,
Kimba,District Council Of Kimba,,,,,,
Koongawa,District Council Of Kimba,,,,,,
Moseley,District Council Of Kimba,,,,,,
Panitya,District Council Of Kimba,,,,,,
Pinkawillinie,District Council Of Kimba,,,,,,
Solomon,District Council Of Kimba,,,,,,
Wilcherry,District Council Of Kimba,,,,,,
Yalanda,District Council Of Kimba,,,,,,
Boston,District Council Of Lower Eyre Peninsula,,,,,,
Charlton Gully,District Council Of Lower Eyre Peninsula,,,,,,
Coffin Bay,District Council Of Lower Eyre Peninsula,,,,,,
Coomunga,District Council Of Lower Eyre Peninsula,,,,,,
Coulta,District Council Of Lower Eyre Peninsula,,,,,,
Cummins,District Council Of Lower Eyre Peninsula,,,,,,
Duck Ponds,District Council Of Lower Eyre Peninsula,,,,,,
Edillilie,District Council Of Lower Eyre Peninsula,,,,,,
Farm Beach,District Council Of Lower Eyre Peninsula,,,,,,
Fountain,District Council Of Lower Eyre Peninsula,,,,,,
Green Patch,District Council Of Lower Eyre Peninsula,,,,,,
Hawson,District Council Of Lower Eyre Peninsula,,,,,,
Kapinnie,District Council Of Lower Eyre Peninsula,,,,,,
Karkoo,District Council Of Lower Eyre Peninsula,,,,,,
Kellidie Bay,District Council Of Lower Eyre Peninsula,,,,,,
Kiana,District Council Of Lower Eyre Peninsula,,,,,,
Little Douglas,District Council Of Lower Eyre Peninsula,,,,,,
Louth Bay,District Council Of Lower Eyre Peninsula,,,,,,
Mitchell,District Council Of Lower Eyre Peninsula,,,,,,
Mount Drummond,District Council Of Lower Eyre Peninsula,,,,,,
Mount Dutton Bay,District Council Of Lower Eyre Peninsula,,,,,,
Mount Hope,District Council Of Lower Eyre Peninsula,,,,,,
North Shields,District Council Of Lower Eyre Peninsula,,,,,,
Pearlah,District Council Of Lower Eyre Peninsula,,,,,,
Point Boston,District Council Of Lower Eyre Peninsula,,,,,,
Poonindie,District Council Of Lower Eyre Peninsula,,,,,,
Sleaford,District Council Of Lower Eyre Peninsula,,,,,,
Tiatukia,District Council Of Lower Eyre Peninsula,,,,,,
Tootenilla,District Council Of Lower Eyre Peninsula,,,,,,
Tulka,District Council Of Lower Eyre Peninsula,,,,,,
Wangary,District Council Of Lower Eyre Peninsula,,,,,,
Wanilla,District Council Of Lower Eyre Peninsula,,,,,,
Whites Flat,District Council Of Lower Eyre Peninsula,,,,,,
Whites River,District Council Of Lower Eyre Peninsula,,,,,,
Yeelanna,District Council Of Lower Eyre Peninsula,,,,,,
Alawoona,District Council Of Loxton Waikerie,,,,,,
Bakara Well,District Council Of Loxton Waikerie,,,,,,
Bookpurnong,District Council Of Loxton Waikerie,,,,,,
Boolgun,District Council Of Loxton Waikerie,,,,,,
Bugle Hut,District Council Of Loxton Waikerie,,,,,,
Caliph,District Council Of Loxton Waikerie,,,,,,
Devlins Pound,District Council Of Loxton Waikerie,,,,,,
Golden Heights,District Council Of Loxton Waikerie,,,,,,
Good Hope Landing,District Council Of Loxton Waikerie,,,,,,
Holder,District Council Of Loxton Waikerie,,,,,,
Holder Siding,District Council Of Loxton Waikerie,,,,,,
Kanni,District Council Of Loxton Waikerie,,,,,,
Kingston On Murray,District Council Of Loxton Waikerie,,,,,,
Kringin,District Council Of Loxton Waikerie,,,,,,
Lowbank,District Council Of Loxton Waikerie,,,,,,
Loxton,District Council Of Loxton Waikerie,,,,,,
Loxton North,District Council Of Loxton Waikerie,,,,,,
Maggea,District Council Of Loxton Waikerie,,,,,,
Malpas,District Council Of Loxton Waikerie,,,,,,
Markaranka,District Council Of Loxton Waikerie,,,,,,
Meribah,District Council Of Loxton Waikerie,,,,,,
Moorook,District Council Of Loxton Waikerie,,,,,,
Moorook South,District Council Of Loxton Waikerie,,,,,,
Murbko,District Council Of Loxton Waikerie,,,,,,
Naidia,District Council Of Loxton Waikerie,,,,,,
New Residence,District Council Of Loxton Waikerie,,,,,,
New Well,District Council Of Loxton Waikerie,,,,,,
Notts Well,District Council Of Loxton Waikerie,,,,,,
Paisley,District Council Of Loxton Waikerie,,,,,,
Paruna,District Council Of Loxton Waikerie,,,,,,
Pata,District Council Of Loxton Waikerie,,,,,,
Peebinga,District Council Of Loxton Waikerie,,,,,,
Pooginook,District Council Of Loxton Waikerie,,,,,,
Pyap,District Council Of Loxton Waikerie,,,,,,
Pyap West,District Council Of Loxton Waikerie,,,,,,
Qualco,District Council Of Loxton Waikerie,,,,,,
Ramco,District Council Of Loxton Waikerie,,,,,,
Ramco Heights,District Council Of Loxton Waikerie,,,,,,
Schell Well,District Council Of Loxton Waikerie,,,,,,
Stockyard Plain,District Council Of Loxton Waikerie,,,,,,
Sunlands,District Council Of Loxton Waikerie,,,,,,
Taldra,District Council Of Loxton Waikerie,,,,,,
Taplan,District Council Of Loxton Waikerie,,,,,,
Taylorville,District Council Of Loxton Waikerie,,,,,,
Veitch,District Council Of Loxton Waikerie,,,,,,
Waikerie,District Council Of Loxton Waikerie,,,,,,
Wappilka,District Council Of Loxton Waikerie,,,,,,
Wigley Flat,District Council Of Loxton Waikerie,,,,,,
Woodleigh,District Council Of Loxton Waikerie,,,,,,
Woolpunda,District Council Of Loxton Waikerie,,,,,,
Wunkar,District Council Of Loxton Waikerie,,,,,,
Yinkanie,District Council Of Loxton Waikerie,,,,,,
Amyton,District Council Of Mount Remarkable,,,,,,
Appila,District Council Of Mount Remarkable,,,,,,
Bangor,District Council Of Mount Remarkable,,,,,,
Baroota,District Council Of Mount Remarkable,,,,,,
Booleroo Centre,District Council Of Mount Remarkable,,,,,,
Bruce,District Council Of Mount Remarkable,,,,,,
Germein Bay,District Council Of Mount Remarkable,,,,,,
Hammond,District Council Of Mount Remarkable,,,,,,
Mambray Creek,District Council Of Mount Remarkable,,,,,,
Melrose,District Council Of Mount Remarkable,,,,,,
Moockra,District Council Of Mount Remarkable,,,,,,
Murray Town,District Council Of Mount Remarkable,,,,,,
Nectar Brook,District Council Of Mount Remarkable,,,,,,
Port Germein,District Council Of Mount Remarkable,,,,,,
Stone Hut,District Council Of Mount Remarkable,,,,,,
Telowie,District Council Of Mount Remarkable,,,,,,
Weeroona Island,District Council Of Mount Remarkable,,,,,,
Willowie,District Council Of Mount Remarkable,,,,,,
Wilmington,District Council Of Mount Remarkable,,,,,,
Wirrabara,District Council Of Mount Remarkable,,,,,,
Wongyarra,District Council Of Mount Remarkable,,,,,,
Woolundunga,District Council Of Mount Remarkable,,,,,,
Belton,District Council Of Orroroo Carrieton,,,,,,
Black Rock,District Council Of Orroroo Carrieton,,,,,,
Carrieton,District Council Of Orroroo Carrieton,,,,,,
Coomooroo,District Council Of Orroroo Carrieton,,,,,,
Erskine,District Council Of Orroroo Carrieton,,,,,,
Eurelia,District Council Of Orroroo Carrieton,,,,,,
Johnburgh,District Council Of Orroroo Carrieton,,,,,,
Minburra,District Council Of Orroroo Carrieton,,,,,,
Morchard,District Council Of Orroroo Carrieton,,,,,,
Orroroo,District Council Of Orroroo Carrieton,,,,,,
Pekina,District Council Of Orroroo Carrieton,,,,,,
Tarcowie,District Council Of Orroroo Carrieton,,,,,,
Walloway,District Council Of Orroroo Carrieton,,,,,,
Yalpara,District Council Of Orroroo Carrieton,,,,,,
Yanyarrie,District Council Of Orroroo Carrieton,,,,,,
Yatina,District Council Of Orroroo Carrieton,,,,,,
Cavenagh,District Council Of Peterborough,,,,,,
Dawson,District Council Of Peterborough,,,,,,
Hardy,District Council Of Peterborough,,,,,,
Minvalara,District Council Of Peterborough,,,,,,
Nackara,District Council Of Peterborough,,,,,,
Oodla Wirra,District Council Of Peterborough,,,,,,
Paratoo,District Council Of Peterborough,,,,,,
Parnaroo,District Council Of Peterborough,,,,,,
Peterborough,District Council Of Peterborough,,,,,,
Sunnybrae,District Council Of Peterborough,,,,,,
Ucolta,District Council Of Peterborough,,,,,,
Yongala,District Council Of Peterborough,,,,,,
Boatswain Point,District Council Of Robe,,,,,,
Bray,District Council Of Robe,,,,,,
Clay Wells,District Council Of Robe,,,,,,
Greenways,District Council Of Robe,,,,,,
Mount Benson,District Council Of Robe,,,,,,
Nora Creina,District Council Of Robe,,,,,,
Reedy Creek,District Council Of Robe,,,,,,
Robe,District Council Of Robe,,,,,,
Baird Bay,District Council Of Streaky Bay,,,,,,
Calca,District Council Of Streaky Bay,,,,,,
Chandada,District Council Of Streaky Bay,,,,,,
Chilpenunda,District Council Of Streaky Bay,,,,,,
Colley,District Council Of Streaky Bay,,,,,,
Cungena,District Council Of Streaky Bay,,,,,,
Eba Anchorage,District Council Of Streaky Bay,,,,,,
Haslam,District Council Of Streaky Bay,,,,,,
Inkster,District Council Of Streaky Bay,,,,,,
Kaldoonera,District Council Of Streaky Bay,,,,,,
Karcultaby,District Council Of Streaky Bay,,,,,,
Maryvale,District Council Of Streaky Bay,,,,,,
Mortana,District Council Of Streaky Bay,,,,,,
Mount Cooper,District Council Of Streaky Bay,,,,,,
Perlubie,District Council Of Streaky Bay,,,,,,
Petina,District Council Of Streaky Bay,,,,,,
Piednippie,District Council Of Streaky Bay,,,,,,
Poochera,District Council Of Streaky Bay,,,,,,
Sceale Bay,District Council Of Streaky Bay,,,,,,
Streaky Bay,District Council Of Streaky Bay,,,,,,
Tyringa,District Council Of Streaky Bay,,,,,,
Wallala,District Council Of Streaky Bay,,,,,,
Westall,District Council Of Streaky Bay,,,,,,
Wirrulla,District Council Of Streaky Bay,,,,,,
Witera,District Council Of Streaky Bay,,,,,,
Yanerbie,District Council Of Streaky Bay,,,,,,
Yantanabie,District Council Of Streaky Bay,,,,,,
Brooker,District Council Of Tumby Bay,,,,,,
Butler,District Council Of Tumby Bay,,,,,,
Cockaleechie,District Council Of Tumby Bay,,,,,,
Koppio,District Council Of Tumby Bay,,,,,,
Lipson,District Council Of Tumby Bay,,,,,,
Moody,District Council Of Tumby Bay,,,,,,
Port Neill,District Council Of Tumby Bay,,,,,,
Tumby Bay,District Council Of Tumby Bay,,,,,,
Ungarra,District Council Of Tumby Bay,,,,,,
Yallunda Flat,District Council Of Tumby Bay,,,,,,
Bald Hills,District Council Of Yankalilla,,,,,,
Cape Jervis,District Council Of Yankalilla,,,,,,
Carrickalinga,District Council Of Yankalilla,,,,,,
Deep Creek,District Council Of Yankalilla,,,,,,
Delamere,District Council Of Yankalilla,,,,,,
Hay Flat,District Council Of Yankalilla,,,,,,
Myponga,District Council Of Yankalilla,,,,,,
Myponga Beach,District Council Of Yankalilla,,,,,,
Normanville,District Council Of Yankalilla,,,,,,
Parawa,District Council Of Yankalilla,,,,,,
Rapid Bay,District Council Of Yankalilla,,,,,,
Second Valley,District Council Of Yankalilla,,,,,,
Silverton,District Council Of Yankalilla,,,,,,
Torrens Vale,District Council Of Yankalilla,,,,,,
Tunkalilla,District Council Of Yankalilla,,,,,,
Wattle Flat,District Council Of Yankalilla,,,,,,
Willow Creek,District Council Of Yankalilla,,,,,,
Wirrina Cove,District Council Of Yankalilla,,,,,,
Yankalilla,District Council Of Yankalilla,,,,,,
American Beach,Kangaroo Island Council,,,,,,
American River,Kangaroo Island Council,,,,,,
Antechamber Bay,Kangaroo Island Council,,,,,,
Ballast Head,Kangaroo Island Council,,,,,,
Baudin Beach,Kangaroo Island Council,,,,,,
Bay Of Shoals,Kangaroo Island Council,,,,,,
Birchmore,Kangaroo Island Council,,,,,,
Brown Beach,Kangaroo Island Council,,,,,,
Brownlow Ki,Kangaroo Island Council,,,,,,
Cape Borda,Kangaroo Island Council,,,,,,
Cassini,Kangaroo Island Council,,,,,,
Cuttlefish Bay,Kangaroo Island Council,,,,,,
Cygnet River,Kangaroo Island Council,,,,,,
De Mole River,Kangaroo Island Council,,,,,,
D'estrees Bay,Kangaroo Island Council,,,,,,
Dudley East,Kangaroo Island Council,,,,,,
Dudley West,Kangaroo Island Council,,,,,,
Duncan,Kangaroo Island Council,,,,,,
Emu Bay,Kangaroo Island Council,,,,,,
Flinders Chase,Kangaroo Island Council,,,,,,
Gosse,Kangaroo Island Council,,,,,,
Haines,Kangaroo Island Council,,,,,,
Ironstone,Kangaroo Island Council,,,,,,
Island Beach,Kangaroo Island Council,,,,,,
Kangaroo Head,Kangaroo Island Council,,,,,,
Karatta,Kangaroo Island Council,,,,,,
Kingscote,Kangaroo Island Council,,,,,,
Kohinoor,Kangaroo Island Council,,,,,,
Macgillivray,Kangaroo Island Council,,,,,,
Menzies,Kangaroo Island Council,,,,,,
Middle River,Kangaroo Island Council,,,,,,
Muston,Kangaroo Island Council,,,,,,
Nepean Bay,Kangaroo Island Council,,,,,,
Newland,Kangaroo Island Council,,,,,,
North Cape,Kangaroo Island Council,,,,,,
Parndana,Kangaroo Island Council,,,,,,
Pelican Lagoon,Kangaroo Island Council,,,,,,
Penneshaw,Kangaroo Island Council,,,,,,
Porky Flat,Kangaroo Island Council,,,,,,
Sapphiretown,Kangaroo Island Council,,,,,,
Seal Bay,Kangaroo Island Council,,,,,,
Seddon,Kangaroo Island Council,,,,,,
Stokes Bay,Kangaroo Island Council,,,,,,
Stun'sail Boom,Kangaroo Island Council,,,,,,
Vivonne Bay,Kangaroo Island Council,,,,,,
Western River,Kangaroo Island Council,,,,,,
Willoughby,Kangaroo Island Council,,,,,,
Willson River,Kangaroo Island Council,,,,,,
Wisanger,Kangaroo Island Council,,,,,,
Avenue Range,Kingston District Council,,,,,,
Blackford,Kingston District Council,,,,,,
Cape Jaffa,Kingston District Council,,,,,,
Keilira,Kingston District Council,,,,,,
Kingston Se,Kingston District Council,,,,,,
Marcollat,Kingston District Council,,,,,,
Pinks Beach,Kingston District Council,,,,,,
Rosetown,Kingston District Council,,,,,,
Sandy Grove,Kingston District Council,,,,,,
Taratap,Kingston District Council,,,,,,
Tilley Swamp,Kingston District Council,,,,,,
Wangolina,Kingston District Council,,,,,,
West Range,Kingston District Council,,,,,,
Wyomi,Kingston District Council,,,,,,
Allendale North,Light Regional Council,,,,,,
Bagot Well,Light Regional Council,,,,,,
Bethel,Light Regional Council,,,,,,
Buchfelde,Light Regional Council,,,,,,
Daveyston,Light Regional Council,,,,,,
Ebenezer,Light Regional Council,,,,,,
Fords,Light Regional Council,,,,,,
Freeling,Light Regional Council,,,,,,
Gawler Belt,Light Regional Council,,,,,,
Gawler River,Light Regional Council,,,,,,
Gomersal,Light Regional Council,,,,,,
Greenock,Light Regional Council,,,,,,
Hamilton,Light Regional Council,,,,,,
Hamley Bridge,Light Regional Council,,,,,,
Hansborough,Light Regional Council,,,,,,
Hewett,Light Regional Council,,,,,,
Kangaroo Flat,Light Regional Council,,,,,,
Kapunda,Light Regional Council,,,,,,
Kingsford,Light Regional Council,,,,,,
Koonunga,Light Regional Council,,,,,,
Linwood,Light Regional Council,,,,,,
Lyndoch,Light Regional Council,,,,,,
Magdala,Light Regional Council,,,,,,
Marananga,Light Regional Council,,,,,,
Moppa,Light Regional Council,,,,,,
Morn Hill,Light Regional Council,,,,,,
Nain,Light Regional Council,,,,,,
Nuriootpa,Light Regional Council,,,,,,
Pinkerton Plains,Light Regional Council,,,,,,
Reid,Light Regional Council,,,,,,
Rosedale,Light Regional Council,,,,,,
Roseworthy,Light Regional Council,,,,,,
Rowland Flat,Light Regional Council,,,,,,
Seppeltsfield,Light Regional Council,,,,,,
Shea-Oak Log,Light Regional Council,,,,,,
St Johns,Light Regional Council,,,,,,
St Kitts,Light Regional Council,,,,,,
Stockwell,Light Regional Council,,,,,,
Stone Well,Light Regional Council,,,,,,
Tanunda,Light Regional Council,,,,,,
Templers,Light Regional Council,,,,,,
Truro,Light Regional Council,,,,,,
Ward Belt,Light Regional Council,,,,,,
Wasleys,Light Regional Council,,,,,,
Woolsheds,Light Regional Council,,,,,,
Angas Valley,Mid Murray Council,,,,,,
Annadale,Mid Murray Council,,,,,,
Apamurra,Mid Murray Council,,,,,,
Beaumonts,Mid Murray Council,,,,,,
Big Bend,Mid Murray Council,,,,,,
Black Hill,Mid Murray Council,,,,,,
Blanchetown,Mid Murray Council,,,,,,
Bolto,Mid Murray Council,,,,,,
Bower,Mid Murray Council,,,,,,
Brenda Park,Mid Murray Council,,,,,,
Burdett,Mid Murray Council,,,,,,
Cadell,Mid Murray Council,,,,,,
Caloote,Mid Murray Council,,,,,,
Cambrai,Mid Murray Council,,,,,,
Caurnamont,Mid Murray Council,,,,,,
Claypans,Mid Murray Council,,,,,,
Cowirra,Mid Murray Council,,,,,,
Dutton,Mid Murray Council,,,,,,
Dutton East,Mid Murray Council,,,,,,
Eba,Mid Murray Council,,,,,,
Eden Valley,Mid Murray Council,,,,,,
Fisher,Mid Murray Council,,,,,,
Five Miles,Mid Murray Council,,,,,,
Forster,Mid Murray Council,,,,,,
Frahns,Mid Murray Council,,,,,,
Frankton,Mid Murray Council,,,,,,
Frayville,Mid Murray Council,,,,,,
Julanka Holdings,Mid Murray Council,,,,,,
Keyneton,Mid Murray Council,,,,,,
Lake Carlet,Mid Murray Council,,,,,,
Langs Landing,Mid Murray Council,,,,,,
Mannum,Mid Murray Council,,,,,,
Marks Landing,Mid Murray Council,,,,,,
Maude,Mid Murray Council,,,,,,
Mcbean Pound,Mid Murray Council,,,,,,
Milendella,Mid Murray Council,,,,,,
Morgan,Mid Murray Council,,,,,,
Morphetts Flat,Mid Murray Council,,,,,,
Mount Mary,Mid Murray Council,,,,,,
Mount Pleasant,Mid Murray Council,,,,,,
Nildottie,Mid Murray Council,,,,,,
North West Bend,Mid Murray Council,,,,,,
Palmer,Mid Murray Council,,,,,,
Pellaring Flat,Mid Murray Council,,,,,,
Pompoota,Mid Murray Council,,,,,,
Ponde,Mid Murray Council,,,,,,
Port Mannum,Mid Murray Council,,,,,,
Punthari,Mid Murray Council,,,,,,
Punyelroo,Mid Murray Council,,,,,,
Purnong,Mid Murray Council,,,,,,
Rockleigh,Mid Murray Council,,,,,,
Sanderston,Mid Murray Council,,,,,,
Sandleton,Mid Murray Council,,,,,,
Sedan,Mid Murray Council,,,,,,
Springton,Mid Murray Council,,,,,,
Steinfeld,Mid Murray Council,,,,,,
Stuart,Mid Murray Council,,,,,,
Sunnydale,Mid Murray Council,,,,,,
Swan Reach,Mid Murray Council,,,,,,
Teal Flat,Mid Murray Council,,,,,,
Tepko,Mid Murray Council,,,,,,
Towitta,Mid Murray Council,,,,,,
Tungkillo,Mid Murray Council,,,,,,
Walker Flat,Mid Murray Council,,,,,,
Wall Flat,Mid Murray Council,,,,,,
Wombats Rest,Mid Murray Council,,,,,,
Wongulla,Mid Murray Council,,,,,,
Younghusband,Mid Murray Council,,,,,,
Younghusband Holdings,Mid Murray Council,,,,,,
Zadows Landing,Mid Murray Council,,,,,,
Biggs Flat,Mount Barker District Council,,,,,,
Blakiston,Mount Barker District Council,,,,,,
Brukunga,Mount Barker District Council,,,,,,
Bugle Ranges,Mount Barker District Council,,,,,,
Callington,Mount Barker District Council,,,,,,
Chapel Hill,Mount Barker District Council,,,,,,
Dawesley,Mount Barker District Council,,,,,,
Echunga,Mount Barker District Council,,,,,,
Flaxley,Mount Barker District Council,,,,,,
Green Hills Range,Mount Barker District Council,,,,,,
Harrogate,Mount Barker District Council,,,,,,
Jupiter Creek,Mount Barker District Council,,,,,,
Kanmantoo,Mount Barker District Council,,,,,,
Littlehampton,Mount Barker District Council,,,,,,
Meadows,Mount Barker District Council,,,,,,
Mount Barker,Mount Barker District Council,,,,,,
Mount Barker Junction,Mount Barker District Council,,,,,,
Mount Barker Springs,Mount Barker District Council,,,,,,
Mount Barker Summit,Mount Barker District Council,,,,,,
Nairne,Mount Barker District Council,,,,,,
Paechtown,Mount Barker District Council,,,,,,
Petwood,Mount Barker District Council,,,,,,
St Ives,Mount Barker District Council,,,,,,
Totness,Mount Barker District Council,,,,,,
Wistow,Mount Barker District Council,,,,,,
Woodside,Mount Barker District Council,,,,,,
Olympic Dam,Municipal Council Of Roxby Downs,,,,,,
Roxby Downs,Municipal Council Of Roxby Downs,,,,,,
Binnum,Naracoorte Lucindale Council,,,,,,
Bool Lagoon,Naracoorte Lucindale Council,,,,,,
Cadgee,Naracoorte Lucindale Council,,,,,,
Coles,Naracoorte Lucindale Council,,,,,,
Conmurra,Naracoorte Lucindale Council,,,,,,
Fox,Naracoorte Lucindale Council,,,,,,
Frances,Naracoorte Lucindale Council,,,,,,
Hynam,Naracoorte Lucindale Council,,,,,,
Joanna,Naracoorte Lucindale Council,,,,,,
Keppoch,Naracoorte Lucindale Council,,,,,,
Koppamurra,Naracoorte Lucindale Council,,,,,,
Kybybolite,Naracoorte Lucindale Council,,,,,,
Laurie Park,Naracoorte Lucindale Council,,,,,,
Lochaber,Naracoorte Lucindale Council,,,,,,
Lucindale,Naracoorte Lucindale Council,,,,,,
Mount Light,Naracoorte Lucindale Council,,,,,,
Moyhall,Naracoorte Lucindale Council,,,,,,
Naracoorte,Naracoorte Lucindale Council,,,,,,
Spence,Naracoorte Lucindale Council,,,,,,
Stewart Range,Naracoorte Lucindale Council,,,,,,
Struan,Naracoorte Lucindale Council,,,,,,
The Gap,Naracoorte Lucindale Council,,,,,,
Wild Dog Valley,Naracoorte Lucindale Council,,,,,,
Woolumbool,Naracoorte Lucindale Council,,,,,,
Wrattonbully,Naracoorte Lucindale Council,,,,,,
Andrews,Northern Areas Council,,,,,,
Beetaloo Valley,Northern Areas Council,,,,,,
Belalie East,Northern Areas Council,,,,,,
Belalie North,Northern Areas Council,,,,,,
Broughton River Valley,Northern Areas Council,,,,,,
Bundaleer Gardens,Northern Areas Council,,,,,,
Bundaleer North,Northern Areas Council,,,,,,
Caltowie,Northern Areas Council,,,,,,
Caltowie North,Northern Areas Council,,,,,,
Caltowie West,Northern Areas Council,,,,,,
Caltowie West,Northern Areas Council,,,,,,
Canowie Belt,Northern Areas Council,,,,,,
Euromina,Northern Areas Council,,,,,,
Georgetown,Northern Areas Council,,,,,,
Gladstone,Northern Areas Council,,,,,,
Gulnare,Northern Areas Council,,,,,,
Hacklins Corner,Northern Areas Council,,,,,,
Hornsdale,Northern Areas Council,,,,,,
Huddleston,Northern Areas Council,,,,,,
Jamestown,Northern Areas Council,,,,,,
Laura,Northern Areas Council,,,,,,
Mannanarie,Northern Areas Council,,,,,,
Mayfield,Northern Areas Council,,,,,,
Narridy,Northern Areas Council,,,,,,
Spalding,Northern Areas Council,,,,,,
Washpool,Northern Areas Council,,,,,,
West Bundaleer,Northern Areas Council,,,,,,
Yacka,Northern Areas Council,,,,,,
Allandale Station,Out Of Council,,,,,,
Amata,Out Of Council,,,,,,
Andamooka,Out Of Council,,,,,,
Anna Creek,Out Of Council,,,,,,
Arkaroola Village,Out Of Council,,,,,,
Balah,Out Of Council,,,,,,
Beltana,Out Of Council,,,,,,
Bindarrah,Out Of Council,,,,,,
Blinman,Out Of Council,,,,,,
Bookabie,Out Of Council,,,,,,
Burra,Out Of Council,,,,,,
Calperum Station,Out Of Council,,,,,,
Canegrass,Out Of Council,,,,,,
Carriewerloo,Out Of Council,,,,,,
Chowilla,Out Of Council,,,,,,
Cockburn,Out Of Council,,,,,,
Commonwealth Hill,Out Of Council,,,,,,
Coorabie,Out Of Council,,,,,,
Copley,Out Of Council,,,,,,
Cordillo Downs,Out Of Council,,,,,,
Cradock,Out Of Council,,,,,,
Emeroo,Out Of Council,,,,,,
Ernabella,Out Of Council,,,,,,
Etadunna,Out Of Council,,,,,,
Flinders Ranges,Out Of Council,,,,,,
Fowlers Bay,Out Of Council,,,,,,
Fregon,Out Of Council,,,,,,
Gerard,Out Of Council,,,,,,
Glendambo,Out Of Council,,,,,,
Hawker,Out Of Council,,,,,,
Iga Warta,Out Of Council,,,,,,
Indulkana,Out Of Council,,,,,,
Innamincka,Out Of Council,,,,,,
Iron Baron,Out Of Council,,,,,,
Iron Knob,Out Of Council,,,,,,
Kalka,Out Of Council,,,,,,
Kanpi,Out Of Council,,,,,,
Kingoonya,Out Of Council,,,,,,
Kolendo,Out Of Council,,,,,,
Kondoolka,Out Of Council,,,,,,
Kootaberra,Out Of Council,,,,,,
Lake Everard,Out Of Council,,,,,,
Leigh Creek,Out Of Council,,,,,,
Lyndhurst,Out Of Council,,,,,,
Macumba,Out Of Council,,,,,,
Mahanewo,Out Of Council,,,,,,
Manna Hill,Out Of Council,,,,,,
Marla,Out Of Council,,,,,,
Marree,Out Of Council,,,,,,
Mimili,Out Of Council,,,,,,
Mintabie,Out Of Council,,,,,,
Moonaree,Out Of Council,,,,,,
Motpena,Out Of Council,,,,,,
Mount Ive,Out Of Council,,,,,,
Mulgathing,Out Of Council,,,,,,
Murputja,Out Of Council,,,,,,
Myola Station,Out Of Council,,,,,,
Nepabunna,Out Of Council,,,,,,
Nilpinna Station,Out Of Council,,,,,,
Nonning,Out Of Council,,,,,,
North Well,Out Of Council,,,,,,
Nullarbor,Out Of Council,,,,,,
Nundroo,Out Of Council,,,,,,
Nyapari,Out Of Council,,,,,,
Oak Valley,Out Of Council,,,,,,
Oakden Hills,Out Of Council,,,,,,
Olary,Out Of Council,,,,,,
Oodnadatta,Out Of Council,,,,,,
Pandie Pandie,Out Of Council,,,,,,
Pandurra,Out Of Council,,,,,,
Parachilna,Out Of Council,,,,,,
Parcoola,Out Of Council,,,,,,
Penong,Out Of Council,,,,,,
Pernatty,Out Of Council,,,,,,
Pimba,Out Of Council,,,,,,
Pipalyatjara,Out Of Council,,,,,,
South Gap,Out Of Council,,,,,,
Spectacle Lake,Out Of Council,,,,,,
Tarcoola,Out Of Council,,,,,,
Thurlga,Out Of Council,,,,,,
Turkey Bore,Out Of Council,,,,,,
Umuwa,Out Of Council,,,,,,
Warnes,Out Of Council,,,,,,
Wartaka,Out Of Council,,,,,,
Watarru,Out Of Council,,,,,,
Watinuma,Out Of Council,,,,,,
Wedge Island,Out Of Council,,,,,,
Wilkatana Station,Out Of Council,,,,,,
William Creek,Out Of Council,,,,,,
Wilpena Pound,Out Of Council,,,,,,
Wirraminna,Out Of Council,,,,,,
Witjira,Out Of Council,,,,,,
Woomera,Out Of Council,,,,,,
Worumba,Out Of Council,,,,,,
Wudinna,Out Of Council,,,,,,
Yadlamalka,Out Of Council,,,,,,
Yalata,Out Of Council,,,,,,
Yardea,Out Of Council,,,,,,
Yudnapinna,Out Of Council,,,,,,
Yunta,Out Of Council,,,,,,
Yunyarinyi,Out Of Council,,,,,,
Bungama,Port Pirie Regional Council,,,,,,
Collinsfield,Port Pirie Regional Council,,,,,,
Coonamia,Port Pirie Regional Council,,,,,,
Crystal Brook,Port Pirie Regional Council,,,,,,
Koolunga,Port Pirie Regional Council,,,,,,
Lower Broughton,Port Pirie Regional Council,,,,,,
Merriton,Port Pirie Regional Council,,,,,,
Napperby,Port Pirie Regional Council,,,,,,
Nelshaby,Port Pirie Regional Council,,,,,,
Nurom,Port Pirie Regional Council,,,,,,
Pirie East,Port Pirie Regional Council,,,,,,
Port Davis,Port Pirie Regional Council,,,,,,
Port Pirie,Port Pirie Regional Council,,,,,,
Port Pirie South,Port Pirie Regional Council,,,,,,
Port Pirie West,Port Pirie Regional Council,,,,,,
Redhill,Port Pirie Regional Council,,,,,,
Risdon Park,Port Pirie Regional Council,,,,,,
Risdon Park South,Port Pirie Regional Council,,,,,,
Solomontown,Port Pirie Regional Council,,,,,,
Wandearah East,Port Pirie Regional Council,,,,,,
Wandearah West,Port Pirie Regional Council,,,,,,
Warnertown,Port Pirie Regional Council,,,,,,
Apoinga,Regional Council Of Goyder,,,,,,
Australia Plains,Regional Council Of Goyder,,,,,,
Baldina,Regional Council Of Goyder,,,,,,
Booborowie,Regional Council Of Goyder,,,,,,
Brady Creek,Regional Council Of Goyder,,,,,,
Bright,Regional Council Of Goyder,,,,,,
Brownlow,Regional Council Of Goyder,,,,,,
Buchanan,Regional Council Of Goyder,,,,,,
Burra Eastern Districts,Regional Council Of Goyder,,,,,,
Canowie,Regional Council Of Goyder,,,,,,
Emu Downs,Regional Council Of Goyder,,,,,,
Eudunda,Regional Council Of Goyder,,,,,,
Franklyn,Regional Council Of Goyder,,,,,,
Geranium Plains,Regional Council Of Goyder,,,,,,
Gum Creek,Regional Council Of Goyder,,,,,,
Hallelujah Hills,Regional Council Of Goyder,,,,,,
Hallett,Regional Council Of Goyder,,,,,,
Hampden,Regional Council Of Goyder,,,,,,
Hanson,Regional Council Of Goyder,,,,,,
Julia,Regional Council Of Goyder,,,,,,
Koonoona,Regional Council Of Goyder,,,,,,
Leighton,Regional Council Of Goyder,,,,,,
Mongolata,Regional Council Of Goyder,,,,,,
Mount Bryan,Regional Council Of Goyder,,,,,,
Mount Bryan East,Regional Council Of Goyder,,,,,,
Neales Flat,Regional Council Of Goyder,,,,,,
Ngapala,Regional Council Of Goyder,,,,,,
North Booborowie,Regional Council Of Goyder,,,,,,
Peep Hill,Regional Council Of Goyder,,,,,,
Point Pass,Regional Council Of Goyder,,,,,,
Porter Lagoon,Regional Council Of Goyder,,,,,,
Robertstown,Regional Council Of Goyder,,,,,,
Rocky Plain,Regional Council Of Goyder,,,,,,
Sutherlands,Regional Council Of Goyder,,,,,,
Terowie,Regional Council Of Goyder,,,,,,
Ulooloo,Regional Council Of Goyder,,,,,,
Whyte Yarcowie,Regional Council Of Goyder,,,,,,
Willalo,Regional Council Of Goyder,,,,,,
Worlds End,Regional Council Of Goyder,,,,,,
Chaffey,Renmark Paringa Council,,,,,,
Cooltong,Renmark Paringa Council,,,,,,
Crescent,Renmark Paringa Council,,,,,,
Lyrup,Renmark Paringa Council,,,,,,
Mundic Creek,Renmark Paringa Council,,,,,,
Murtho,Renmark Paringa Council,,,,,,
Old Calperum,Renmark Paringa Council,,,,,,
Paringa,Renmark Paringa Council,,,,,,
Pike River,Renmark Paringa Council,,,,,,
Renmark,Renmark Paringa Council,,,,,,
Renmark North,Renmark Paringa Council,,,,,,
Renmark South,Renmark Paringa Council,,,,,,
Renmark West,Renmark Paringa Council,,,,,,
Wonuarra,Renmark Paringa Council,,,,,,
Yamba,Renmark Paringa Council,,,,,,
Geranium,Southern Mallee District Council,,,,,,
Karte,Southern Mallee District Council,,,,,,
Lameroo,Southern Mallee District Council,,,,,,
Parilla,Southern Mallee District Council,,,,,,
Parrakie,Southern Mallee District Council,,,,,,
Pinnaroo,Southern Mallee District Council,,,,,,
Bangham,Tatiara District Council,,,,,,
Bordertown,Tatiara District Council,,,,,,
Bordertown South,Tatiara District Council,,,,,,
Brimbago,Tatiara District Council,,,,,,
Buckingham,Tatiara District Council,,,,,,
Cannawigara,Tatiara District Council,,,,,,
Carew,Tatiara District Council,,,,,,
Custon,Tatiara District Council,,,,,,
Keith,Tatiara District Council,,,,,,
Kongal,Tatiara District Council,,,,,,
Laffer,Tatiara District Council,,,,,,
Lowan Vale,Tatiara District Council,,,,,,
Makin,Tatiara District Council,,,,,,
Mccallum,Tatiara District Council,,,,,,
Mount Charles,Tatiara District Council,,,,,,
Mundulla,Tatiara District Council,,,,,,
Mundulla West,Tatiara District Council,,,,,,
Ngarkat,Tatiara District Council,,,,,,
Padthaway,Tatiara District Council,,,,,,
Petherick,Tatiara District Council,,,,,,
Pine Hill,Tatiara District Council,,,,,,
Pooginagoric,Tatiara District Council,,,,,,
Senior,Tatiara District Council,,,,,,
Shaugh,Tatiara District Council,,,,,,
Sherwood,Tatiara District Council,,,,,,
Swede Flat,Tatiara District Council,,,,,,
Western Flat,Tatiara District Council,,,,,,
Willalooka,Tatiara District Council,,,,,,
Wirrega,Tatiara District Council,,,,,,
Wolseley,Tatiara District Council,,,,,,
Altona,The Barossa Council,,,,,,
Angaston,The Barossa Council,,,,,,
Barossa Goldfields,The Barossa Council,,,,,,
Bethany,The Barossa Council,,,,,,
Cockatoo Valley,The Barossa Council,,,,,,
Concordia,The Barossa Council,,,,,,
Flaxman Valley,The Barossa Council,,,,,,
Gawler East,The Barossa Council,,,,,,
Kalbeeba,The Barossa Council,,,,,,
Krondorf,The Barossa Council,,,,,,
Light Pass,The Barossa Council,,,,,,
Moculta,The Barossa Council,,,,,,
Mount Mckenzie,The Barossa Council,,,,,,
Penrice,The Barossa Council,,,,,,
Pewsey Vale,The Barossa Council,,,,,,
Sandy Creek,The Barossa Council,,,,,,
Taunton,The Barossa Council,,,,,,
Vine Vale,The Barossa Council,,,,,,
Williamstown,The Barossa Council,,,,,,
Barndioota,The Flinders Ranges Council,,,,,,
Kanyaka,The Flinders Ranges Council,,,,,,
Quorn,The Flinders Ranges Council,,,,,,
Saltia,The Flinders Ranges Council,,,,,,
Willochra,The Flinders Ranges Council,,,,,,
Yarrah,The Flinders Ranges Council,,,,,,
Avoca Dell,The Rural City Of Murray Bridge,,,,,,
Brinkley,The Rural City Of Murray Bridge,,,,,,
Chapman Bore,The Rural City Of Murray Bridge,,,,,,
Ettrick,The Rural City Of Murray Bridge,,,,,,
Gifford Hill,The Rural City Of Murray Bridge,,,,,,
Jervois,The Rural City Of Murray Bridge,,,,,,
Kepa,The Rural City Of Murray Bridge,,,,,,
Long Flat,The Rural City Of Murray Bridge,,,,,,
Mobilong,The Rural City Of Murray Bridge,,,,,,
Monarto,The Rural City Of Murray Bridge,,,,,,
Monarto South,The Rural City Of Murray Bridge,,,,,,
Monteith,The Rural City Of Murray Bridge,,,,,,
Mulgundawa,The Rural City Of Murray Bridge,,,,,,
Murrawong,The Rural City Of Murray Bridge,,,,,,
Murray Bridge,The Rural City Of Murray Bridge,,,,,,
Murray Bridge East,The Rural City Of Murray Bridge,,,,,,
Murray Bridge North,The Rural City Of Murray Bridge,,,,,,
Murray Bridge South,The Rural City Of Murray Bridge,,,,,,
Mypolonga,The Rural City Of Murray Bridge,,,,,,
Nalpa,The Rural City Of Murray Bridge,,,,,,
Northern Heights,The Rural City Of Murray Bridge,,,,,,
Pallamana,The Rural City Of Murray Bridge,,,,,,
Riverglades,The Rural City Of Murray Bridge,,,,,,
Riverglen,The Rural City Of Murray Bridge,,,,,,
Rocky Gully,The Rural City Of Murray Bridge,,,,,,
Sunnyside,The Rural City Of Murray Bridge,,,,,,
Swanport,The Rural City Of Murray Bridge,,,,,,
Toora,The Rural City Of Murray Bridge,,,,,,
Wellington,The Rural City Of Murray Bridge,,,,,,
White Hill,The Rural City Of Murray Bridge,,,,,,
White Sands,The Rural City Of Murray Bridge,,,,,,
Woodlane,The Rural City Of Murray Bridge,,,,,,
Woods Point,The Rural City Of Murray Bridge,,,,,,
Evanston,Town Of Gawler,,,,,,
Evanston Gardens,Town Of Gawler,,,,,,
Evanston South,Town Of Gawler,,,,,,
Gawler,Town Of Gawler,,,,,,
Gawler South,Town Of Gawler,,,,,,
Gawler West,Town Of Gawler,,,,,,
Kudla,Town Of Gawler,,,,,,
Willaston,Town Of Gawler,,,,,,
Avon,Wakefield Regional Council,,,,,,
Balaklava,Wakefield Regional Council,,,,,,
Barunga Gap,Wakefield Regional Council,,,,,,
Beaufort,Wakefield Regional Council,,,,,,
Blyth,Wakefield Regional Council,,,,,,
Bowillia,Wakefield Regional Council,,,,,,
Bowmans,Wakefield Regional Council,,,,,,
Brinkworth,Wakefield Regional Council,,,,,,
Bumbunga,Wakefield Regional Council,,,,,,
Burnsfield,Wakefield Regional Council,,,,,,
Condowie,Wakefield Regional Council,,,,,,
Dalkey,Wakefield Regional Council,,,,,,
Erith,Wakefield Regional Council,,,,,,
Everard Central,Wakefield Regional Council,,,,,,
Goyder,Wakefield Regional Council,,,,,,
Hart,Wakefield Regional Council,,,,,,
Hope Gap,Wakefield Regional Council,,,,,,
Hoskin Corner,Wakefield Regional Council,,,,,,
Hoyleton,Wakefield Regional Council,,,,,,
Inkerman,Wakefield Regional Council,,,,,,
Kallora,Wakefield Regional Council,,,,,,
Kybunga,Wakefield Regional Council,,,,,,
Lake View,Wakefield Regional Council,,,,,,
Lochiel,Wakefield Regional Council,,,,,,
Marola,Wakefield Regional Council,,,,,,
Mount Templeton,Wakefield Regional Council,,,,,,
Mundoora,Wakefield Regional Council,,,,,,
Nantawarra,Wakefield Regional Council,,,,,,
Owen,Wakefield Regional Council,,,,,,
Pinery,Wakefield Regional Council,,,,,,
Port Wakefield,Wakefield Regional Council,,,,,,
Proof Range,Wakefield Regional Council,,,,,,
Rochester,Wakefield Regional Council,,,,,,
Saints,Wakefield Regional Council,,,,,,
Snowtown,Wakefield Regional Council,,,,,,
Stockyard Creek,Wakefield Regional Council,,,,,,
Stow,Wakefield Regional Council,,,,,,
Watchman,Wakefield Regional Council,,,,,,
Whitwarta,Wakefield Regional Council,,,,,,
Beachport,Wattle Range Council,,,,,,
Canunda,Wattle Range Council,,,,,,
Comaum,Wattle Range Council,,,,,,
Coonawarra,Wattle Range Council,,,,,,
Furner,Wattle Range Council,,,,,,
German Flat,Wattle Range Council,,,,,,
Glencoe,Wattle Range Council,,,,,,
Glenroy,Wattle Range Council,,,,,,
Hatherleigh,Wattle Range Council,,,,,,
Kalangadoo,Wattle Range Council,,,,,,
Kangaroo Inn,Wattle Range Council,,,,,,
Koorine,Wattle Range Council,,,,,,
Krongart,Wattle Range Council,,,,,,
Maaoupe,Wattle Range Council,,,,,,
Magarey,Wattle Range Council,,,,,,
Millicent,Wattle Range Council,,,,,,
Moerlong,Wattle Range Council,,,,,,
Monbulla,Wattle Range Council,,,,,,
Mount Burr,Wattle Range Council,,,,,,
Mount Mcintyre,Wattle Range Council,,,,,,
Nangwarry,Wattle Range Council,,,,,,
Penola,Wattle Range Council,,,,,,
Rendelsham,Wattle Range Council,,,,,,
Rocky Camp,Wattle Range Council,,,,,,
Sebastopol,Wattle Range Council,,,,,,
Short,Wattle Range Council,,,,,,
Southend,Wattle Range Council,,,,,,
Thornlea,Wattle Range Council,,,,,,
Wattle Range,Wattle Range Council,,,,,,
Wattle Range East,Wattle Range Council,,,,,,
Cocata,Wudinna District Council,,,,,,
Kyancutta,Wudinna District Council,,,,,,
Minnipa,Wudinna District Council,,,,,,
Pygery,Wudinna District Council,,,,,,
Warramboo,Wudinna District Council,,,,,,
Yaninee,Wudinna District Council,,,,,,
Agery,Yorke Peninsula Council,,,,,,
Ardrossan,Yorke Peninsula Council,,,,,,
Arthurton,Yorke Peninsula Council,,,,,,
Balgowan,Yorke Peninsula Council,,,,,,
Black Point,Yorke Peninsula Council,,,,,,
Bluff Beach,Yorke Peninsula Council,,,,,,
Brentwood,Yorke Peninsula Council,,,,,,
Chinaman Wells,Yorke Peninsula Council,,,,,,
Clinton,Yorke Peninsula Council,,,,,,
Clinton Centre,Yorke Peninsula Council,,,,,,
Coobowie,Yorke Peninsula Council,,,,,,
Corny Point,Yorke Peninsula Council,,,,,,
Couch Beach,Yorke Peninsula Council,,,,,,
Cunningham,Yorke Peninsula Council,,,,,,
Curramulka,Yorke Peninsula Council,,,,,,
Dowlingville,Yorke Peninsula Council,,,,,,
Edithburgh,Yorke Peninsula Council,,,,,,
Foul Bay,Yorke Peninsula Council,,,,,,
Hardwicke Bay,Yorke Peninsula Council,,,,,,
Honiton,Yorke Peninsula Council,,,,,,
Inneston,Yorke Peninsula Council,,,,,,
James Well,Yorke Peninsula Council,,,,,,
Kainton,Yorke Peninsula Council,,,,,,
Koolywurtie,Yorke Peninsula Council,,,,,,
Maitland,Yorke Peninsula Council,,,,,,
Marion Bay,Yorke Peninsula Council,,,,,,
Minlaton,Yorke Peninsula Council,,,,,,
Nalyappa,Yorke Peninsula Council,,,,,,
Parsons Beach,Yorke Peninsula Council,,,,,,
Petersville,Yorke Peninsula Council,,,,,,
Pine Point,Yorke Peninsula Council,,,,,,
Point Pearce,Yorke Peninsula Council,,,,,,
Point Souttar,Yorke Peninsula Council,,,,,,
Point Turton,Yorke Peninsula Council,,,,,,
Port Arthur,Yorke Peninsula Council,,,,,,
Port Julia,Yorke Peninsula Council,,,,,,
Port Moorowie,Yorke Peninsula Council,,,,,,
Port Rickaby,Yorke Peninsula Council,,,,,,
Port Victoria,Yorke Peninsula Council,,,,,,
Port Vincent,Yorke Peninsula Council,,,,,,
Price,Yorke Peninsula Council,,,,,,
Ramsay,Yorke Peninsula Council,,,,,,
Rogues Point,Yorke Peninsula Council,,,,,,
Sandilands,Yorke Peninsula Council,,,,,,
Sheaoak Flat,Yorke Peninsula Council,,,,,,
South Kilkerran,Yorke Peninsula Council,,,,,,
Stansbury,Yorke Peninsula Council,,,,,,
Sultana Point,Yorke Peninsula Council,,,,,,
Sunnyvale,Yorke Peninsula Council,,,,,,
The Pines,Yorke Peninsula Council,,,,,,
Tiddy Widdy Beach,Yorke Peninsula Council,,,,,,
Urania,Yorke Peninsula Council,,,,,,
Warooka,Yorke Peninsula Council,,,,,,
Wauraltee,Yorke Peninsula Council,,,,,,
Weetulta,Yorke Peninsula Council,,,,,,
White Hut,Yorke Peninsula Council,,,,,,
Winulta,Yorke Peninsula Council,,,,,,
Wool Bay,Yorke Peninsula Council,,,,,,
Yorke Valley,Yorke Peninsula Council,,,,,,
Yorketown,Yorke Peninsula Council,,,,,,
